idx,alpha,mu,omega,loglike
0,0.01,0.08,0.038461538461538464,-inf
1,0.01,0.08,0.07692307692307693,-inf
2,0.01,0.08,0.11538461538461539,-inf
3,0.01,0.08,0.15384615384615385,-inf
4,0.01,0.08,0.19230769230769232,-inf
5,0.01,0.08,0.23076923076923078,-inf
6,0.01,0.08,0.2692307692307693,-inf
7,0.01,0.08,0.3076923076923077,-inf
8,0.01,0.08,0.34615384615384615,-inf
9,0.01,0.08,0.38461538461538464,-inf
10,0.01,0.08,0.42307692307692313,-inf
11,0.01,0.08,0.46153846153846156,-inf
12,0.01,0.08,0.5,-inf
13,0.01,0.08,0.5384615384615385,-inf
14,0.01,0.08,0.576923076923077,-inf
15,0.01,0.08,0.6153846153846154,-inf
16,0.01,0.08,0.6538461538461539,-inf
17,0.01,0.08,0.6923076923076923,-inf
18,0.01,0.08,0.7307692307692308,-inf
19,0.01,0.08,0.7692307692307693,-inf
20,0.01,0.08,0.8076923076923077,-inf
21,0.01,0.08,0.8461538461538463,-inf
22,0.01,0.08,0.8846153846153847,-inf
23,0.01,0.08,0.9230769230769231,-inf
24,0.01,0.08,0.9615384615384616,-inf
25,0.01,0.16,0.038461538461538464,-inf
26,0.01,0.16,0.07692307692307693,-inf
27,0.01,0.16,0.11538461538461539,-inf
28,0.01,0.16,0.15384615384615385,-inf
29,0.01,0.16,0.19230769230769232,-inf
30,0.01,0.16,0.23076923076923078,-inf
31,0.01,0.16,0.2692307692307693,-inf
32,0.01,0.16,0.3076923076923077,-inf
33,0.01,0.16,0.34615384615384615,-inf
34,0.01,0.16,0.38461538461538464,-inf
35,0.01,0.16,0.42307692307692313,-inf
36,0.01,0.16,0.46153846153846156,-inf
37,0.01,0.16,0.5,-inf
38,0.01,0.16,0.5384615384615385,-inf
39,0.01,0.16,0.576923076923077,-inf
40,0.01,0.16,0.6153846153846154,-inf
41,0.01,0.16,0.6538461538461539,-inf
42,0.01,0.16,0.6923076923076923,-inf
43,0.01,0.16,0.7307692307692308,-inf
44,0.01,0.16,0.7692307692307693,-inf
45,0.01,0.16,0.8076923076923077,-inf
46,0.01,0.16,0.8461538461538463,-inf
47,0.01,0.16,0.8846153846153847,-inf
48,0.01,0.16,0.9230769230769231,-inf
49,0.01,0.16,0.9615384615384616,-inf
50,0.01,0.24,0.038461538461538464,-inf
51,0.01,0.24,0.07692307692307693,-inf
52,0.01,0.24,0.11538461538461539,-inf
53,0.01,0.24,0.15384615384615385,-inf
54,0.01,0.24,0.19230769230769232,-inf
55,0.01,0.24,0.23076923076923078,-inf
56,0.01,0.24,0.2692307692307693,-inf
57,0.01,0.24,0.3076923076923077,-inf
58,0.01,0.24,0.34615384615384615,-inf
59,0.01,0.24,0.38461538461538464,-inf
60,0.01,0.24,0.42307692307692313,-inf
61,0.01,0.24,0.46153846153846156,-inf
62,0.01,0.24,0.5,-inf
63,0.01,0.24,0.5384615384615385,-inf
64,0.01,0.24,0.576923076923077,-inf
65,0.01,0.24,0.6153846153846154,-inf
66,0.01,0.24,0.6538461538461539,-inf
67,0.01,0.24,0.6923076923076923,-inf
68,0.01,0.24,0.7307692307692308,-inf
69,0.01,0.24,0.7692307692307693,-inf
70,0.01,0.24,0.8076923076923077,-inf
71,0.01,0.24,0.8461538461538463,-inf
72,0.01,0.24,0.8846153846153847,-inf
73,0.01,0.24,0.9230769230769231,-inf
74,0.01,0.24,0.9615384615384616,-inf
75,0.01,0.32,0.038461538461538464,1.4480694097861998e+21
76,0.01,0.32,0.07692307692307693,1.4203992936756355e+21
77,0.01,0.32,0.11538461538461539,1.4480694097861998e+21
78,0.01,0.32,0.15384615384615385,1.4480694097861998e+21
79,0.01,0.32,0.19230769230769232,1.4203992936756355e+21
80,0.01,0.32,0.23076923076923078,1.4203992936756355e+21
81,0.01,0.32,0.2692307692307693,1.4480694097861998e+21
82,0.01,0.32,0.3076923076923077,1.4480694097861998e+21
83,0.01,0.32,0.34615384615384615,1.4203992936756355e+21
84,0.01,0.32,0.38461538461538464,-inf
85,0.01,0.32,0.42307692307692313,-inf
86,0.01,0.32,0.46153846153846156,1.4480694097861998e+21
87,0.01,0.32,0.5,-inf
88,0.01,0.32,0.5384615384615385,-inf
89,0.01,0.32,0.576923076923077,-inf
90,0.01,0.32,0.6153846153846154,-inf
91,0.01,0.32,0.6538461538461539,-inf
92,0.01,0.32,0.6923076923076923,-inf
93,0.01,0.32,0.7307692307692308,-inf
94,0.01,0.32,0.7692307692307693,-inf
95,0.01,0.32,0.8076923076923077,-inf
96,0.01,0.32,0.8461538461538463,-inf
97,0.01,0.32,0.8846153846153847,-inf
98,0.01,0.32,0.9230769230769231,-inf
99,0.01,0.32,0.9615384615384616,-inf
100,0.01,0.4,0.038461538461538464,1.4203992936756355e+21
101,0.01,0.4,0.07692307692307693,1.4480694097861998e+21
102,0.01,0.4,0.11538461538461539,1.4203992936756355e+21
103,0.01,0.4,0.15384615384615385,1.4480694097861998e+21
104,0.01,0.4,0.19230769230769232,1.4203992936756355e+21
105,0.01,0.4,0.23076923076923078,1.4480694097861998e+21
106,0.01,0.4,0.2692307692307693,1.4480694097861998e+21
107,0.01,0.4,0.3076923076923077,1.4480694097861998e+21
108,0.01,0.4,0.34615384615384615,1.4203992936756355e+21
109,0.01,0.4,0.38461538461538464,1.4203992936756355e+21
110,0.01,0.4,0.42307692307692313,1.4203992936756355e+21
111,0.01,0.4,0.46153846153846156,1.4203992936756355e+21
112,0.01,0.4,0.5,-inf
113,0.01,0.4,0.5384615384615385,-inf
114,0.01,0.4,0.576923076923077,-inf
115,0.01,0.4,0.6153846153846154,-inf
116,0.01,0.4,0.6538461538461539,-inf
117,0.01,0.4,0.6923076923076923,-inf
118,0.01,0.4,0.7307692307692308,-inf
119,0.01,0.4,0.7692307692307693,-inf
120,0.01,0.4,0.8076923076923077,-inf
121,0.01,0.4,0.8461538461538463,-inf
122,0.01,0.4,0.8846153846153847,-inf
123,0.01,0.4,0.9230769230769231,-inf
124,0.01,0.4,0.9615384615384616,-inf
125,0.01,0.48,0.038461538461538464,1.4203992936756355e+21
126,0.01,0.48,0.07692307692307693,1.4203992936756355e+21
127,0.01,0.48,0.11538461538461539,1.4203992936756355e+21
128,0.01,0.48,0.15384615384615385,1.4203992936756355e+21
129,0.01,0.48,0.19230769230769232,1.4203992936756355e+21
130,0.01,0.48,0.23076923076923078,1.4480694097861998e+21
131,0.01,0.48,0.2692307692307693,1.4203992936756355e+21
132,0.01,0.48,0.3076923076923077,1.4480694097861998e+21
133,0.01,0.48,0.34615384615384615,1.4480694097861998e+21
134,0.01,0.48,0.38461538461538464,1.4203992936756355e+21
135,0.01,0.48,0.42307692307692313,1.4203992936756355e+21
136,0.01,0.48,0.46153846153846156,1.4203992936756355e+21
137,0.01,0.48,0.5,1.4203992936756355e+21
138,0.01,0.48,0.5384615384615385,-inf
139,0.01,0.48,0.576923076923077,1.4480694097861998e+21
140,0.01,0.48,0.6153846153846154,-inf
141,0.01,0.48,0.6538461538461539,-inf
142,0.01,0.48,0.6923076923076923,-inf
143,0.01,0.48,0.7307692307692308,-inf
144,0.01,0.48,0.7692307692307693,-inf
145,0.01,0.48,0.8076923076923077,-inf
146,0.01,0.48,0.8461538461538463,-inf
147,0.01,0.48,0.8846153846153847,-inf
148,0.01,0.48,0.9230769230769231,-inf
149,0.01,0.48,0.9615384615384616,-inf
150,0.01,0.56,0.038461538461538464,1.4480694097861998e+21
151,0.01,0.56,0.07692307692307693,1.4480694097861998e+21
152,0.01,0.56,0.11538461538461539,1.4203992936756355e+21
153,0.01,0.56,0.15384615384615385,1.4203992936756355e+21
154,0.01,0.56,0.19230769230769232,1.4203992936756355e+21
155,0.01,0.56,0.23076923076923078,1.4480694097861998e+21
156,0.01,0.56,0.2692307692307693,1.4203992936756355e+21
157,0.01,0.56,0.3076923076923077,1.4203992936756355e+21
158,0.01,0.56,0.34615384615384615,1.4480694097861998e+21
159,0.01,0.56,0.38461538461538464,1.4203992936756355e+21
160,0.01,0.56,0.42307692307692313,1.4203992936756355e+21
161,0.01,0.56,0.46153846153846156,1.4203992936756355e+21
162,0.01,0.56,0.5,1.4203992936756355e+21
163,0.01,0.56,0.5384615384615385,1.4480694097861998e+21
164,0.01,0.56,0.576923076923077,1.4203992936756355e+21
165,0.01,0.56,0.6153846153846154,1.4203992936756355e+21
166,0.01,0.56,0.6538461538461539,-inf
167,0.01,0.56,0.6923076923076923,-inf
168,0.01,0.56,0.7307692307692308,-inf
169,0.01,0.56,0.7692307692307693,-inf
170,0.01,0.56,0.8076923076923077,-inf
171,0.01,0.56,0.8461538461538463,-inf
172,0.01,0.56,0.8846153846153847,-inf
173,0.01,0.56,0.9230769230769231,-inf
174,0.01,0.56,0.9615384615384616,-inf
175,0.01,0.64,0.038461538461538464,1.4203992936756355e+21
176,0.01,0.64,0.07692307692307693,1.4203992936756355e+21
177,0.01,0.64,0.11538461538461539,1.4203992936756355e+21
178,0.01,0.64,0.15384615384615385,1.4203992936756355e+21
179,0.01,0.64,0.19230769230769232,1.4203992936756355e+21
180,0.01,0.64,0.23076923076923078,1.4203992936756355e+21
181,0.01,0.64,0.2692307692307693,1.4203992936756355e+21
182,0.01,0.64,0.3076923076923077,1.4203992936756355e+21
183,0.01,0.64,0.34615384615384615,1.4480694097861998e+21
184,0.01,0.64,0.38461538461538464,1.4480694097861998e+21
185,0.01,0.64,0.42307692307692313,1.4480694097861998e+21
186,0.01,0.64,0.46153846153846156,1.4203992936756355e+21
187,0.01,0.64,0.5,1.4203992936756355e+21
188,0.01,0.64,0.5384615384615385,1.4203992936756355e+21
189,0.01,0.64,0.576923076923077,1.4203992936756355e+21
190,0.01,0.64,0.6153846153846154,1.4203992936756355e+21
191,0.01,0.64,0.6538461538461539,1.4480694097861998e+21
192,0.01,0.64,0.6923076923076923,1.4480694097861998e+21
193,0.01,0.64,0.7307692307692308,1.4480694097861998e+21
194,0.01,0.64,0.7692307692307693,1.4480694097861998e+21
195,0.01,0.64,0.8076923076923077,-inf
196,0.01,0.64,0.8461538461538463,-inf
197,0.01,0.64,0.8846153846153847,-inf
198,0.01,0.64,0.9230769230769231,-inf
199,0.01,0.64,0.9615384615384616,-inf
200,0.01,0.72,0.038461538461538464,1.4203992936756355e+21
201,0.01,0.72,0.07692307692307693,1.4203992936756355e+21
202,0.01,0.72,0.11538461538461539,1.4203992936756355e+21
203,0.01,0.72,0.15384615384615385,1.4203992936756355e+21
204,0.01,0.72,0.19230769230769232,1.4203992936756355e+21
205,0.01,0.72,0.23076923076923078,1.4203992936756355e+21
206,0.01,0.72,0.2692307692307693,1.4203992936756355e+21
207,0.01,0.72,0.3076923076923077,1.4203992936756355e+21
208,0.01,0.72,0.34615384615384615,1.4480694097861998e+21
209,0.01,0.72,0.38461538461538464,1.4480694097861998e+21
210,0.01,0.72,0.42307692307692313,1.4480694097861998e+21
211,0.01,0.72,0.46153846153846156,1.4203992936756355e+21
212,0.01,0.72,0.5,1.4203992936756355e+21
213,0.01,0.72,0.5384615384615385,1.4203992936756355e+21
214,0.01,0.72,0.576923076923077,1.4203992936756355e+21
215,0.01,0.72,0.6153846153846154,1.4203992936756355e+21
216,0.01,0.72,0.6538461538461539,1.4480694097861998e+21
217,0.01,0.72,0.6923076923076923,1.4203992936756355e+21
218,0.01,0.72,0.7307692307692308,1.4480694097861998e+21
219,0.01,0.72,0.7692307692307693,-inf
220,0.01,0.72,0.8076923076923077,-inf
221,0.01,0.72,0.8461538461538463,-inf
222,0.01,0.72,0.8846153846153847,-inf
223,0.01,0.72,0.9230769230769231,-inf
224,0.01,0.72,0.9615384615384616,-inf
225,0.01,0.8,0.038461538461538464,1.4203992936756355e+21
226,0.01,0.8,0.07692307692307693,1.4203992936756355e+21
227,0.01,0.8,0.11538461538461539,1.4480694097861998e+21
228,0.01,0.8,0.15384615384615385,1.4203992936756355e+21
229,0.01,0.8,0.19230769230769232,1.4203992936756355e+21
230,0.01,0.8,0.23076923076923078,1.4203992936756355e+21
231,0.01,0.8,0.2692307692307693,1.4203992936756355e+21
232,0.01,0.8,0.3076923076923077,1.4203992936756355e+21
233,0.01,0.8,0.34615384615384615,1.4203992936756355e+21
234,0.01,0.8,0.38461538461538464,1.4203992936756355e+21
235,0.01,0.8,0.42307692307692313,1.4480694097861998e+21
236,0.01,0.8,0.46153846153846156,1.4203992936756355e+21
237,0.01,0.8,0.5,1.4203992936756355e+21
238,0.01,0.8,0.5384615384615385,1.4203992936756355e+21
239,0.01,0.8,0.576923076923077,1.4203992936756355e+21
240,0.01,0.8,0.6153846153846154,1.4480694097861998e+21
241,0.01,0.8,0.6538461538461539,1.4203992936756355e+21
242,0.01,0.8,0.6923076923076923,1.4203992936756355e+21
243,0.01,0.8,0.7307692307692308,1.4480694097861998e+21
244,0.01,0.8,0.7692307692307693,1.4480694097861998e+21
245,0.01,0.8,0.8076923076923077,-inf
246,0.01,0.8,0.8461538461538463,-inf
247,0.01,0.8,0.8846153846153847,-inf
248,0.01,0.8,0.9230769230769231,-inf
249,0.01,0.8,0.9615384615384616,-inf
250,0.01,0.88,0.038461538461538464,1.4203992936756355e+21
251,0.01,0.88,0.07692307692307693,1.4203992936756355e+21
252,0.01,0.88,0.11538461538461539,1.4203992936756355e+21
253,0.01,0.88,0.15384615384615385,1.4203992936756355e+21
254,0.01,0.88,0.19230769230769232,1.4203992936756355e+21
255,0.01,0.88,0.23076923076923078,1.4203992936756355e+21
256,0.01,0.88,0.2692307692307693,1.4203992936756355e+21
257,0.01,0.88,0.3076923076923077,1.4203992936756355e+21
258,0.01,0.88,0.34615384615384615,1.4203992936756355e+21
259,0.01,0.88,0.38461538461538464,1.4203992936756355e+21
260,0.01,0.88,0.42307692307692313,1.4203992936756355e+21
261,0.01,0.88,0.46153846153846156,1.4203992936756355e+21
262,0.01,0.88,0.5,1.4203992936756355e+21
263,0.01,0.88,0.5384615384615385,1.4203992936756355e+21
264,0.01,0.88,0.576923076923077,1.4480694097861998e+21
265,0.01,0.88,0.6153846153846154,1.4203992936756355e+21
266,0.01,0.88,0.6538461538461539,1.4203992936756355e+21
267,0.01,0.88,0.6923076923076923,1.4480694097861998e+21
268,0.01,0.88,0.7307692307692308,1.4203992936756355e+21
269,0.01,0.88,0.7692307692307693,1.4203992936756355e+21
270,0.01,0.88,0.8076923076923077,-inf
271,0.01,0.88,0.8461538461538463,-inf
272,0.01,0.88,0.8846153846153847,-inf
273,0.01,0.88,0.9230769230769231,-inf
274,0.01,0.88,0.9615384615384616,-inf
275,0.01,0.96,0.038461538461538464,1.4203992936756355e+21
276,0.01,0.96,0.07692307692307693,1.4203992936756355e+21
277,0.01,0.96,0.11538461538461539,1.4203992936756355e+21
278,0.01,0.96,0.15384615384615385,1.4480694097861998e+21
279,0.01,0.96,0.19230769230769232,1.4203992936756355e+21
280,0.01,0.96,0.23076923076923078,1.4203992936756355e+21
281,0.01,0.96,0.2692307692307693,1.4203992936756355e+21
282,0.01,0.96,0.3076923076923077,1.4203992936756355e+21
283,0.01,0.96,0.34615384615384615,1.4203992936756355e+21
284,0.01,0.96,0.38461538461538464,1.4203992936756355e+21
285,0.01,0.96,0.42307692307692313,1.4203992936756355e+21
286,0.01,0.96,0.46153846153846156,1.4203992936756355e+21
287,0.01,0.96,0.5,1.4480694097861998e+21
288,0.01,0.96,0.5384615384615385,1.4203992936756355e+21
289,0.01,0.96,0.576923076923077,1.4203992936756355e+21
290,0.01,0.96,0.6153846153846154,1.4203992936756355e+21
291,0.01,0.96,0.6538461538461539,1.4480694097861998e+21
292,0.01,0.96,0.6923076923076923,1.4203992936756355e+21
293,0.01,0.96,0.7307692307692308,1.4203992936756355e+21
294,0.01,0.96,0.7692307692307693,1.4480694097861998e+21
295,0.01,0.96,0.8076923076923077,1.4203992936756355e+21
296,0.01,0.96,0.8461538461538463,1.4203992936756355e+21
297,0.01,0.96,0.8846153846153847,-inf
298,0.01,0.96,0.9230769230769231,-inf
299,0.01,0.96,0.9615384615384616,-inf
300,0.01,1.04,0.038461538461538464,1.4203992936756355e+21
301,0.01,1.04,0.07692307692307693,1.4480694097861998e+21
302,0.01,1.04,0.11538461538461539,1.4203992936756355e+21
303,0.01,1.04,0.15384615384615385,1.4203992936756355e+21
304,0.01,1.04,0.19230769230769232,1.4203992936756355e+21
305,0.01,1.04,0.23076923076923078,1.4203992936756355e+21
306,0.01,1.04,0.2692307692307693,1.4203992936756355e+21
307,0.01,1.04,0.3076923076923077,1.4203992936756355e+21
308,0.01,1.04,0.34615384615384615,1.4203992936756355e+21
309,0.01,1.04,0.38461538461538464,1.4203992936756355e+21
310,0.01,1.04,0.42307692307692313,1.4203992936756355e+21
311,0.01,1.04,0.46153846153846156,1.4203992936756355e+21
312,0.01,1.04,0.5,1.4480694097861998e+21
313,0.01,1.04,0.5384615384615385,1.4203992936756355e+21
314,0.01,1.04,0.576923076923077,1.4203992936756355e+21
315,0.01,1.04,0.6153846153846154,1.4203992936756355e+21
316,0.01,1.04,0.6538461538461539,1.4203992936756355e+21
317,0.01,1.04,0.6923076923076923,1.4203992936756355e+21
318,0.01,1.04,0.7307692307692308,1.4203992936756355e+21
319,0.01,1.04,0.7692307692307693,1.4480694097861998e+21
320,0.01,1.04,0.8076923076923077,1.4480694097861998e+21
321,0.01,1.04,0.8461538461538463,-inf
322,0.01,1.04,0.8846153846153847,-inf
323,0.01,1.04,0.9230769230769231,-inf
324,0.01,1.04,0.9615384615384616,-inf
325,0.01,1.12,0.038461538461538464,1.4203992936756355e+21
326,0.01,1.12,0.07692307692307693,1.4203992936756355e+21
327,0.01,1.12,0.11538461538461539,1.4203992936756355e+21
328,0.01,1.12,0.15384615384615385,1.4203992936756355e+21
329,0.01,1.12,0.19230769230769232,1.4203992936756355e+21
330,0.01,1.12,0.23076923076923078,1.4203992936756355e+21
331,0.01,1.12,0.2692307692307693,1.4203992936756355e+21
332,0.01,1.12,0.3076923076923077,1.4480694097861998e+21
333,0.01,1.12,0.34615384615384615,1.4203992936756355e+21
334,0.01,1.12,0.38461538461538464,1.4203992936756355e+21
335,0.01,1.12,0.42307692307692313,1.4203992936756355e+21
336,0.01,1.12,0.46153846153846156,1.4203992936756355e+21
337,0.01,1.12,0.5,1.4203992936756355e+21
338,0.01,1.12,0.5384615384615385,1.4203992936756355e+21
339,0.01,1.12,0.576923076923077,1.4203992936756355e+21
340,0.01,1.12,0.6153846153846154,1.4203992936756355e+21
341,0.01,1.12,0.6538461538461539,1.4203992936756355e+21
342,0.01,1.12,0.6923076923076923,1.4203992936756355e+21
343,0.01,1.12,0.7307692307692308,1.4480694097861998e+21
344,0.01,1.12,0.7692307692307693,1.4480694097861998e+21
345,0.01,1.12,0.8076923076923077,1.4480694097861998e+21
346,0.01,1.12,0.8461538461538463,-inf
347,0.01,1.12,0.8846153846153847,-inf
348,0.01,1.12,0.9230769230769231,-inf
349,0.01,1.12,0.9615384615384616,-inf
350,0.01,1.2,0.038461538461538464,1.4203992936756355e+21
351,0.01,1.2,0.07692307692307693,1.4203992936756355e+21
352,0.01,1.2,0.11538461538461539,1.4203992936756355e+21
353,0.01,1.2,0.15384615384615385,1.4203992936756355e+21
354,0.01,1.2,0.19230769230769232,1.4203992936756355e+21
355,0.01,1.2,0.23076923076923078,1.4203992936756355e+21
356,0.01,1.2,0.2692307692307693,1.4203992936756355e+21
357,0.01,1.2,0.3076923076923077,1.4203992936756355e+21
358,0.01,1.2,0.34615384615384615,1.4203992936756355e+21
359,0.01,1.2,0.38461538461538464,1.4203992936756355e+21
360,0.01,1.2,0.42307692307692313,1.4203992936756355e+21
361,0.01,1.2,0.46153846153846156,1.4203992936756355e+21
362,0.01,1.2,0.5,1.4203992936756355e+21
363,0.01,1.2,0.5384615384615385,1.4480694097861998e+21
364,0.01,1.2,0.576923076923077,1.4203992936756355e+21
365,0.01,1.2,0.6153846153846154,1.4203992936756355e+21
366,0.01,1.2,0.6538461538461539,1.4203992936756355e+21
367,0.01,1.2,0.6923076923076923,1.4203992936756355e+21
368,0.01,1.2,0.7307692307692308,1.4203992936756355e+21
369,0.01,1.2,0.7692307692307693,1.4203992936756355e+21
370,0.01,1.2,0.8076923076923077,1.4203992936756355e+21
371,0.01,1.2,0.8461538461538463,-inf
372,0.01,1.2,0.8846153846153847,-inf
373,0.01,1.2,0.9230769230769231,-inf
374,0.01,1.2,0.9615384615384616,-inf
375,0.01,1.28,0.038461538461538464,1.4203992936756355e+21
376,0.01,1.28,0.07692307692307693,1.4203992936756355e+21
377,0.01,1.28,0.11538461538461539,1.4203992936756355e+21
378,0.01,1.28,0.15384615384615385,1.4203992936756355e+21
379,0.01,1.28,0.19230769230769232,1.4203992936756355e+21
380,0.01,1.28,0.23076923076923078,1.4203992936756355e+21
381,0.01,1.28,0.2692307692307693,1.4203992936756355e+21
382,0.01,1.28,0.3076923076923077,1.4203992936756355e+21
383,0.01,1.28,0.34615384615384615,1.4203992936756355e+21
384,0.01,1.28,0.38461538461538464,1.4203992936756355e+21
385,0.01,1.28,0.42307692307692313,1.4203992936756355e+21
386,0.01,1.28,0.46153846153846156,1.4203992936756355e+21
387,0.01,1.28,0.5,1.4480694097861998e+21
388,0.01,1.28,0.5384615384615385,1.4203992936756355e+21
389,0.01,1.28,0.576923076923077,1.4203992936756355e+21
390,0.01,1.28,0.6153846153846154,1.4203992936756355e+21
391,0.01,1.28,0.6538461538461539,1.4203992936756355e+21
392,0.01,1.28,0.6923076923076923,1.4480694097861998e+21
393,0.01,1.28,0.7307692307692308,1.4480694097861998e+21
394,0.01,1.28,0.7692307692307693,1.4480694097861998e+21
395,0.01,1.28,0.8076923076923077,1.4203992936756355e+21
396,0.01,1.28,0.8461538461538463,1.4203992936756355e+21
397,0.01,1.28,0.8846153846153847,-inf
398,0.01,1.28,0.9230769230769231,-inf
399,0.01,1.28,0.9615384615384616,-inf
400,0.01,1.36,0.038461538461538464,1.4203992936756355e+21
401,0.01,1.36,0.07692307692307693,1.4203992936756355e+21
402,0.01,1.36,0.11538461538461539,1.4203992936756355e+21
403,0.01,1.36,0.15384615384615385,1.4203992936756355e+21
404,0.01,1.36,0.19230769230769232,1.4203992936756355e+21
405,0.01,1.36,0.23076923076923078,1.4203992936756355e+21
406,0.01,1.36,0.2692307692307693,1.4203992936756355e+21
407,0.01,1.36,0.3076923076923077,1.4203992936756355e+21
408,0.01,1.36,0.34615384615384615,1.4203992936756355e+21
409,0.01,1.36,0.38461538461538464,1.4203992936756355e+21
410,0.01,1.36,0.42307692307692313,1.4203992936756355e+21
411,0.01,1.36,0.46153846153846156,1.4203992936756355e+21
412,0.01,1.36,0.5,1.4203992936756355e+21
413,0.01,1.36,0.5384615384615385,1.4203992936756355e+21
414,0.01,1.36,0.576923076923077,1.4203992936756355e+21
415,0.01,1.36,0.6153846153846154,1.4203992936756355e+21
416,0.01,1.36,0.6538461538461539,1.4480694097861998e+21
417,0.01,1.36,0.6923076923076923,1.4480694097861998e+21
418,0.01,1.36,0.7307692307692308,1.4203992936756355e+21
419,0.01,1.36,0.7692307692307693,1.4203992936756355e+21
420,0.01,1.36,0.8076923076923077,1.4203992936756355e+21
421,0.01,1.36,0.8461538461538463,1.4203992936756355e+21
422,0.01,1.36,0.8846153846153847,-inf
423,0.01,1.36,0.9230769230769231,-inf
424,0.01,1.36,0.9615384615384616,-inf
425,0.01,1.44,0.038461538461538464,1.4203992936756355e+21
426,0.01,1.44,0.07692307692307693,1.4203992936756355e+21
427,0.01,1.44,0.11538461538461539,1.4203992936756355e+21
428,0.01,1.44,0.15384615384615385,1.4203992936756355e+21
429,0.01,1.44,0.19230769230769232,1.4480694097861998e+21
430,0.01,1.44,0.23076923076923078,1.4203992936756355e+21
431,0.01,1.44,0.2692307692307693,1.4203992936756355e+21
432,0.01,1.44,0.3076923076923077,1.4203992936756355e+21
433,0.01,1.44,0.34615384615384615,1.4203992936756355e+21
434,0.01,1.44,0.38461538461538464,1.4203992936756355e+21
435,0.01,1.44,0.42307692307692313,1.4203992936756355e+21
436,0.01,1.44,0.46153846153846156,1.4203992936756355e+21
437,0.01,1.44,0.5,1.4480694097861998e+21
438,0.01,1.44,0.5384615384615385,1.4203992936756355e+21
439,0.01,1.44,0.576923076923077,1.4203992936756355e+21
440,0.01,1.44,0.6153846153846154,1.4480694097861998e+21
441,0.01,1.44,0.6538461538461539,1.4203992936756355e+21
442,0.01,1.44,0.6923076923076923,1.4203992936756355e+21
443,0.01,1.44,0.7307692307692308,1.4203992936756355e+21
444,0.01,1.44,0.7692307692307693,1.4203992936756355e+21
445,0.01,1.44,0.8076923076923077,1.4480694097861998e+21
446,0.01,1.44,0.8461538461538463,-inf
447,0.01,1.44,0.8846153846153847,-inf
448,0.01,1.44,0.9230769230769231,-inf
449,0.01,1.44,0.9615384615384616,-inf
450,0.01,1.52,0.038461538461538464,1.4203992936756355e+21
451,0.01,1.52,0.07692307692307693,1.4203992936756355e+21
452,0.01,1.52,0.11538461538461539,1.4203992936756355e+21
453,0.01,1.52,0.15384615384615385,1.4203992936756355e+21
454,0.01,1.52,0.19230769230769232,1.4203992936756355e+21
455,0.01,1.52,0.23076923076923078,1.4203992936756355e+21
456,0.01,1.52,0.2692307692307693,1.4203992936756355e+21
457,0.01,1.52,0.3076923076923077,1.4203992936756355e+21
458,0.01,1.52,0.34615384615384615,1.4203992936756355e+21
459,0.01,1.52,0.38461538461538464,1.4203992936756355e+21
460,0.01,1.52,0.42307692307692313,1.4203992936756355e+21
461,0.01,1.52,0.46153846153846156,1.4203992936756355e+21
462,0.01,1.52,0.5,1.4203992936756355e+21
463,0.01,1.52,0.5384615384615385,1.4203992936756355e+21
464,0.01,1.52,0.576923076923077,1.4203992936756355e+21
465,0.01,1.52,0.6153846153846154,1.4203992936756355e+21
466,0.01,1.52,0.6538461538461539,1.4203992936756355e+21
467,0.01,1.52,0.6923076923076923,1.4203992936756355e+21
468,0.01,1.52,0.7307692307692308,1.4203992936756355e+21
469,0.01,1.52,0.7692307692307693,1.4203992936756355e+21
470,0.01,1.52,0.8076923076923077,1.4480694097861998e+21
471,0.01,1.52,0.8461538461538463,1.4203992936756355e+21
472,0.01,1.52,0.8846153846153847,-inf
473,0.01,1.52,0.9230769230769231,-inf
474,0.01,1.52,0.9615384615384616,-inf
475,0.01,1.6,0.038461538461538464,1.4203992936756355e+21
476,0.01,1.6,0.07692307692307693,1.4203992936756355e+21
477,0.01,1.6,0.11538461538461539,1.4203992936756355e+21
478,0.01,1.6,0.15384615384615385,1.4203992936756355e+21
479,0.01,1.6,0.19230769230769232,1.4203992936756355e+21
480,0.01,1.6,0.23076923076923078,1.4480694097861998e+21
481,0.01,1.6,0.2692307692307693,1.4203992936756355e+21
482,0.01,1.6,0.3076923076923077,1.4203992936756355e+21
483,0.01,1.6,0.34615384615384615,1.4203992936756355e+21
484,0.01,1.6,0.38461538461538464,1.4203992936756355e+21
485,0.01,1.6,0.42307692307692313,1.4480694097861998e+21
486,0.01,1.6,0.46153846153846156,1.4480694097861998e+21
487,0.01,1.6,0.5,1.4203992936756355e+21
488,0.01,1.6,0.5384615384615385,1.4480694097861998e+21
489,0.01,1.6,0.576923076923077,1.4203992936756355e+21
490,0.01,1.6,0.6153846153846154,1.4203992936756355e+21
491,0.01,1.6,0.6538461538461539,1.4203992936756355e+21
492,0.01,1.6,0.6923076923076923,1.4203992936756355e+21
493,0.01,1.6,0.7307692307692308,1.4203992936756355e+21
494,0.01,1.6,0.7692307692307693,1.4203992936756355e+21
495,0.01,1.6,0.8076923076923077,1.4480694097861998e+21
496,0.01,1.6,0.8461538461538463,1.4480694097861998e+21
497,0.01,1.6,0.8846153846153847,1.4480694097861998e+21
498,0.01,1.6,0.9230769230769231,1.4203992936756355e+21
499,0.01,1.6,0.9615384615384616,-inf
500,0.01,1.68,0.038461538461538464,1.4203992936756355e+21
501,0.01,1.68,0.07692307692307693,1.4203992936756355e+21
502,0.01,1.68,0.11538461538461539,1.4203992936756355e+21
503,0.01,1.68,0.15384615384615385,1.4203992936756355e+21
504,0.01,1.68,0.19230769230769232,1.4203992936756355e+21
505,0.01,1.68,0.23076923076923078,1.4203992936756355e+21
506,0.01,1.68,0.2692307692307693,1.4203992936756355e+21
507,0.01,1.68,0.3076923076923077,1.4203992936756355e+21
508,0.01,1.68,0.34615384615384615,1.4480694097861998e+21
509,0.01,1.68,0.38461538461538464,1.4203992936756355e+21
510,0.01,1.68,0.42307692307692313,1.4203992936756355e+21
511,0.01,1.68,0.46153846153846156,1.4203992936756355e+21
512,0.01,1.68,0.5,1.4203992936756355e+21
513,0.01,1.68,0.5384615384615385,1.4203992936756355e+21
514,0.01,1.68,0.576923076923077,1.4203992936756355e+21
515,0.01,1.68,0.6153846153846154,1.4203992936756355e+21
516,0.01,1.68,0.6538461538461539,1.4203992936756355e+21
517,0.01,1.68,0.6923076923076923,1.4480694097861998e+21
518,0.01,1.68,0.7307692307692308,1.4480694097861998e+21
519,0.01,1.68,0.7692307692307693,1.4203992936756355e+21
520,0.01,1.68,0.8076923076923077,1.4203992936756355e+21
521,0.01,1.68,0.8461538461538463,1.4203992936756355e+21
522,0.01,1.68,0.8846153846153847,1.4203992936756355e+21
523,0.01,1.68,0.9230769230769231,-inf
524,0.01,1.68,0.9615384615384616,-inf
525,0.01,1.76,0.038461538461538464,1.4203992936756355e+21
526,0.01,1.76,0.07692307692307693,1.4203992936756355e+21
527,0.01,1.76,0.11538461538461539,1.4203992936756355e+21
528,0.01,1.76,0.15384615384615385,1.4203992936756355e+21
529,0.01,1.76,0.19230769230769232,1.4203992936756355e+21
530,0.01,1.76,0.23076923076923078,1.4203992936756355e+21
531,0.01,1.76,0.2692307692307693,1.4480694097861998e+21
532,0.01,1.76,0.3076923076923077,1.4203992936756355e+21
533,0.01,1.76,0.34615384615384615,1.4203992936756355e+21
534,0.01,1.76,0.38461538461538464,1.4203992936756355e+21
535,0.01,1.76,0.42307692307692313,1.4203992936756355e+21
536,0.01,1.76,0.46153846153846156,1.4203992936756355e+21
537,0.01,1.76,0.5,1.4203992936756355e+21
538,0.01,1.76,0.5384615384615385,1.4203992936756355e+21
539,0.01,1.76,0.576923076923077,1.4203992936756355e+21
540,0.01,1.76,0.6153846153846154,1.4203992936756355e+21
541,0.01,1.76,0.6538461538461539,1.4203992936756355e+21
542,0.01,1.76,0.6923076923076923,1.4203992936756355e+21
543,0.01,1.76,0.7307692307692308,1.4203992936756355e+21
544,0.01,1.76,0.7692307692307693,1.4203992936756355e+21
545,0.01,1.76,0.8076923076923077,1.4480694097861998e+21
546,0.01,1.76,0.8461538461538463,1.4203992936756355e+21
547,0.01,1.76,0.8846153846153847,1.4480694097861998e+21
548,0.01,1.76,0.9230769230769231,-inf
549,0.01,1.76,0.9615384615384616,-inf
550,0.01,1.84,0.038461538461538464,1.4203992936756355e+21
551,0.01,1.84,0.07692307692307693,1.4203992936756355e+21
552,0.01,1.84,0.11538461538461539,1.4203992936756355e+21
553,0.01,1.84,0.15384615384615385,1.4203992936756355e+21
554,0.01,1.84,0.19230769230769232,1.4203992936756355e+21
555,0.01,1.84,0.23076923076923078,1.4480694097861998e+21
556,0.01,1.84,0.2692307692307693,1.4203992936756355e+21
557,0.01,1.84,0.3076923076923077,1.4203992936756355e+21
558,0.01,1.84,0.34615384615384615,1.4203992936756355e+21
559,0.01,1.84,0.38461538461538464,1.4480694097861998e+21
560,0.01,1.84,0.42307692307692313,1.4203992936756355e+21
561,0.01,1.84,0.46153846153846156,1.4203992936756355e+21
562,0.01,1.84,0.5,1.4203992936756355e+21
563,0.01,1.84,0.5384615384615385,1.4203992936756355e+21
564,0.01,1.84,0.576923076923077,1.4203992936756355e+21
565,0.01,1.84,0.6153846153846154,1.4203992936756355e+21
566,0.01,1.84,0.6538461538461539,1.4480694097861998e+21
567,0.01,1.84,0.6923076923076923,1.4203992936756355e+21
568,0.01,1.84,0.7307692307692308,1.4203992936756355e+21
569,0.01,1.84,0.7692307692307693,1.4480694097861998e+21
570,0.01,1.84,0.8076923076923077,1.4203992936756355e+21
571,0.01,1.84,0.8461538461538463,1.4203992936756355e+21
572,0.01,1.84,0.8846153846153847,1.4203992936756355e+21
573,0.01,1.84,0.9230769230769231,-inf
574,0.01,1.84,0.9615384615384616,-inf
575,0.01,1.92,0.038461538461538464,1.4203992936756355e+21
576,0.01,1.92,0.07692307692307693,1.4203992936756355e+21
577,0.01,1.92,0.11538461538461539,1.4203992936756355e+21
578,0.01,1.92,0.15384615384615385,1.4203992936756355e+21
579,0.01,1.92,0.19230769230769232,1.4203992936756355e+21
580,0.01,1.92,0.23076923076923078,1.4203992936756355e+21
581,0.01,1.92,0.2692307692307693,1.4203992936756355e+21
582,0.01,1.92,0.3076923076923077,1.4203992936756355e+21
583,0.01,1.92,0.34615384615384615,1.4203992936756355e+21
584,0.01,1.92,0.38461538461538464,1.4203992936756355e+21
585,0.01,1.92,0.42307692307692313,1.4203992936756355e+21
586,0.01,1.92,0.46153846153846156,1.4203992936756355e+21
587,0.01,1.92,0.5,1.4203992936756355e+21
588,0.01,1.92,0.5384615384615385,1.4203992936756355e+21
589,0.01,1.92,0.576923076923077,1.4203992936756355e+21
590,0.01,1.92,0.6153846153846154,1.4203992936756355e+21
591,0.01,1.92,0.6538461538461539,1.4203992936756355e+21
592,0.01,1.92,0.6923076923076923,1.4480694097861998e+21
593,0.01,1.92,0.7307692307692308,1.4203992936756355e+21
594,0.01,1.92,0.7692307692307693,1.4203992936756355e+21
595,0.01,1.92,0.8076923076923077,1.4203992936756355e+21
596,0.01,1.92,0.8461538461538463,1.4203992936756355e+21
597,0.01,1.92,0.8846153846153847,1.4203992936756355e+21
598,0.01,1.92,0.9230769230769231,-inf
599,0.01,1.92,0.9615384615384616,-inf
600,0.01,2.0,0.038461538461538464,1.4203992936756355e+21
601,0.01,2.0,0.07692307692307693,1.4203992936756355e+21
602,0.01,2.0,0.11538461538461539,1.4203992936756355e+21
603,0.01,2.0,0.15384615384615385,1.4203992936756355e+21
604,0.01,2.0,0.19230769230769232,1.4203992936756355e+21
605,0.01,2.0,0.23076923076923078,1.4203992936756355e+21
606,0.01,2.0,0.2692307692307693,1.4203992936756355e+21
607,0.01,2.0,0.3076923076923077,1.4203992936756355e+21
608,0.01,2.0,0.34615384615384615,1.4480694097861998e+21
609,0.01,2.0,0.38461538461538464,1.4203992936756355e+21
610,0.01,2.0,0.42307692307692313,1.4480694097861998e+21
611,0.01,2.0,0.46153846153846156,1.4203992936756355e+21
612,0.01,2.0,0.5,1.4203992936756355e+21
613,0.01,2.0,0.5384615384615385,1.4203992936756355e+21
614,0.01,2.0,0.576923076923077,1.4203992936756355e+21
615,0.01,2.0,0.6153846153846154,1.4203992936756355e+21
616,0.01,2.0,0.6538461538461539,1.4203992936756355e+21
617,0.01,2.0,0.6923076923076923,1.4480694097861998e+21
618,0.01,2.0,0.7307692307692308,1.4203992936756355e+21
619,0.01,2.0,0.7692307692307693,1.4203992936756355e+21
620,0.01,2.0,0.8076923076923077,1.4203992936756355e+21
621,0.01,2.0,0.8461538461538463,1.4480694097861998e+21
622,0.01,2.0,0.8846153846153847,1.4203992936756355e+21
623,0.01,2.0,0.9230769230769231,-inf
624,0.01,2.0,0.9615384615384616,-inf
625,0.02,0.08,0.038461538461538464,-inf
626,0.02,0.08,0.07692307692307693,-inf
627,0.02,0.08,0.11538461538461539,-inf
628,0.02,0.08,0.15384615384615385,-inf
629,0.02,0.08,0.19230769230769232,-inf
630,0.02,0.08,0.23076923076923078,-inf
631,0.02,0.08,0.2692307692307693,-inf
632,0.02,0.08,0.3076923076923077,-inf
633,0.02,0.08,0.34615384615384615,-inf
634,0.02,0.08,0.38461538461538464,-inf
635,0.02,0.08,0.42307692307692313,-inf
636,0.02,0.08,0.46153846153846156,-inf
637,0.02,0.08,0.5,-inf
638,0.02,0.08,0.5384615384615385,-inf
639,0.02,0.08,0.576923076923077,-inf
640,0.02,0.08,0.6153846153846154,-inf
641,0.02,0.08,0.6538461538461539,-inf
642,0.02,0.08,0.6923076923076923,-inf
643,0.02,0.08,0.7307692307692308,-inf
644,0.02,0.08,0.7692307692307693,-inf
645,0.02,0.08,0.8076923076923077,-inf
646,0.02,0.08,0.8461538461538463,-inf
647,0.02,0.08,0.8846153846153847,-inf
648,0.02,0.08,0.9230769230769231,-inf
649,0.02,0.08,0.9615384615384616,-inf
650,0.02,0.16,0.038461538461538464,-inf
651,0.02,0.16,0.07692307692307693,-inf
652,0.02,0.16,0.11538461538461539,-inf
653,0.02,0.16,0.15384615384615385,-inf
654,0.02,0.16,0.19230769230769232,-inf
655,0.02,0.16,0.23076923076923078,-inf
656,0.02,0.16,0.2692307692307693,-inf
657,0.02,0.16,0.3076923076923077,-inf
658,0.02,0.16,0.34615384615384615,-inf
659,0.02,0.16,0.38461538461538464,-inf
660,0.02,0.16,0.42307692307692313,-inf
661,0.02,0.16,0.46153846153846156,-inf
662,0.02,0.16,0.5,-inf
663,0.02,0.16,0.5384615384615385,-inf
664,0.02,0.16,0.576923076923077,-inf
665,0.02,0.16,0.6153846153846154,-inf
666,0.02,0.16,0.6538461538461539,-inf
667,0.02,0.16,0.6923076923076923,-inf
668,0.02,0.16,0.7307692307692308,-inf
669,0.02,0.16,0.7692307692307693,-inf
670,0.02,0.16,0.8076923076923077,-inf
671,0.02,0.16,0.8461538461538463,-inf
672,0.02,0.16,0.8846153846153847,-inf
673,0.02,0.16,0.9230769230769231,-inf
674,0.02,0.16,0.9615384615384616,-inf
675,0.02,0.24,0.038461538461538464,-inf
676,0.02,0.24,0.07692307692307693,1.4203992936756355e+21
677,0.02,0.24,0.11538461538461539,1.4203992936756355e+21
678,0.02,0.24,0.15384615384615385,1.4480694097861998e+21
679,0.02,0.24,0.19230769230769232,1.4203992936756355e+21
680,0.02,0.24,0.23076923076923078,-inf
681,0.02,0.24,0.2692307692307693,-inf
682,0.02,0.24,0.3076923076923077,-inf
683,0.02,0.24,0.34615384615384615,-inf
684,0.02,0.24,0.38461538461538464,-inf
685,0.02,0.24,0.42307692307692313,-inf
686,0.02,0.24,0.46153846153846156,-inf
687,0.02,0.24,0.5,-inf
688,0.02,0.24,0.5384615384615385,-inf
689,0.02,0.24,0.576923076923077,-inf
690,0.02,0.24,0.6153846153846154,-inf
691,0.02,0.24,0.6538461538461539,-inf
692,0.02,0.24,0.6923076923076923,-inf
693,0.02,0.24,0.7307692307692308,-inf
694,0.02,0.24,0.7692307692307693,-inf
695,0.02,0.24,0.8076923076923077,-inf
696,0.02,0.24,0.8461538461538463,-inf
697,0.02,0.24,0.8846153846153847,-inf
698,0.02,0.24,0.9230769230769231,-inf
699,0.02,0.24,0.9615384615384616,-inf
700,0.02,0.32,0.038461538461538464,1.4203992936756355e+21
701,0.02,0.32,0.07692307692307693,1.4203992936756355e+21
702,0.02,0.32,0.11538461538461539,1.4203992936756355e+21
703,0.02,0.32,0.15384615384615385,1.4203992936756355e+21
704,0.02,0.32,0.19230769230769232,1.4480694097861998e+21
705,0.02,0.32,0.23076923076923078,1.4480694097861998e+21
706,0.02,0.32,0.2692307692307693,1.4203992936756355e+21
707,0.02,0.32,0.3076923076923077,-inf
708,0.02,0.32,0.34615384615384615,1.4203992936756355e+21
709,0.02,0.32,0.38461538461538464,1.4203992936756355e+21
710,0.02,0.32,0.42307692307692313,-inf
711,0.02,0.32,0.46153846153846156,-inf
712,0.02,0.32,0.5,-inf
713,0.02,0.32,0.5384615384615385,-inf
714,0.02,0.32,0.576923076923077,-inf
715,0.02,0.32,0.6153846153846154,-inf
716,0.02,0.32,0.6538461538461539,-inf
717,0.02,0.32,0.6923076923076923,-inf
718,0.02,0.32,0.7307692307692308,-inf
719,0.02,0.32,0.7692307692307693,-inf
720,0.02,0.32,0.8076923076923077,-inf
721,0.02,0.32,0.8461538461538463,-inf
722,0.02,0.32,0.8846153846153847,-inf
723,0.02,0.32,0.9230769230769231,-inf
724,0.02,0.32,0.9615384615384616,-inf
725,0.02,0.4,0.038461538461538464,1.4203992936756355e+21
726,0.02,0.4,0.07692307692307693,1.4203992936756355e+21
727,0.02,0.4,0.11538461538461539,1.4203992936756355e+21
728,0.02,0.4,0.15384615384615385,1.4203992936756355e+21
729,0.02,0.4,0.19230769230769232,1.4203992936756355e+21
730,0.02,0.4,0.23076923076923078,1.4203992936756355e+21
731,0.02,0.4,0.2692307692307693,1.4480694097861998e+21
732,0.02,0.4,0.3076923076923077,1.4203992936756355e+21
733,0.02,0.4,0.34615384615384615,1.4203992936756355e+21
734,0.02,0.4,0.38461538461538464,1.4480694097861998e+21
735,0.02,0.4,0.42307692307692313,1.4203992936756355e+21
736,0.02,0.4,0.46153846153846156,1.4203992936756355e+21
737,0.02,0.4,0.5,-inf
738,0.02,0.4,0.5384615384615385,-inf
739,0.02,0.4,0.576923076923077,-inf
740,0.02,0.4,0.6153846153846154,-inf
741,0.02,0.4,0.6538461538461539,-inf
742,0.02,0.4,0.6923076923076923,-inf
743,0.02,0.4,0.7307692307692308,-inf
744,0.02,0.4,0.7692307692307693,-inf
745,0.02,0.4,0.8076923076923077,-inf
746,0.02,0.4,0.8461538461538463,-inf
747,0.02,0.4,0.8846153846153847,-inf
748,0.02,0.4,0.9230769230769231,-inf
749,0.02,0.4,0.9615384615384616,-inf
750,0.02,0.48,0.038461538461538464,1.4203992936756355e+21
751,0.02,0.48,0.07692307692307693,1.4203992936756355e+21
752,0.02,0.48,0.11538461538461539,1.4203992936756355e+21
753,0.02,0.48,0.15384615384615385,1.4203992936756355e+21
754,0.02,0.48,0.19230769230769232,1.4203992936756355e+21
755,0.02,0.48,0.23076923076923078,1.4480694097861998e+21
756,0.02,0.48,0.2692307692307693,1.4203992936756355e+21
757,0.02,0.48,0.3076923076923077,1.4203992936756355e+21
758,0.02,0.48,0.34615384615384615,1.4203992936756355e+21
759,0.02,0.48,0.38461538461538464,1.4203992936756355e+21
760,0.02,0.48,0.42307692307692313,1.4203992936756355e+21
761,0.02,0.48,0.46153846153846156,1.4203992936756355e+21
762,0.02,0.48,0.5,1.4480694097861998e+21
763,0.02,0.48,0.5384615384615385,1.4480694097861998e+21
764,0.02,0.48,0.576923076923077,1.4203992936756355e+21
765,0.02,0.48,0.6153846153846154,-inf
766,0.02,0.48,0.6538461538461539,-inf
767,0.02,0.48,0.6923076923076923,-inf
768,0.02,0.48,0.7307692307692308,-inf
769,0.02,0.48,0.7692307692307693,-inf
770,0.02,0.48,0.8076923076923077,-inf
771,0.02,0.48,0.8461538461538463,-inf
772,0.02,0.48,0.8846153846153847,-inf
773,0.02,0.48,0.9230769230769231,-inf
774,0.02,0.48,0.9615384615384616,-inf
775,0.02,0.56,0.038461538461538464,1.4203992936756355e+21
776,0.02,0.56,0.07692307692307693,1.4203992936756355e+21
777,0.02,0.56,0.11538461538461539,1.4203992936756355e+21
778,0.02,0.56,0.15384615384615385,1.4203992936756355e+21
779,0.02,0.56,0.19230769230769232,1.4203992936756355e+21
780,0.02,0.56,0.23076923076923078,1.4203992936756355e+21
781,0.02,0.56,0.2692307692307693,1.4203992936756355e+21
782,0.02,0.56,0.3076923076923077,1.4203992936756355e+21
783,0.02,0.56,0.34615384615384615,1.4203992936756355e+21
784,0.02,0.56,0.38461538461538464,1.4203992936756355e+21
785,0.02,0.56,0.42307692307692313,1.4480694097861998e+21
786,0.02,0.56,0.46153846153846156,1.4480694097861998e+21
787,0.02,0.56,0.5,1.4203992936756355e+21
788,0.02,0.56,0.5384615384615385,1.4480694097861998e+21
789,0.02,0.56,0.576923076923077,1.4480694097861998e+21
790,0.02,0.56,0.6153846153846154,1.4480694097861998e+21
791,0.02,0.56,0.6538461538461539,-inf
792,0.02,0.56,0.6923076923076923,-inf
793,0.02,0.56,0.7307692307692308,-inf
794,0.02,0.56,0.7692307692307693,-inf
795,0.02,0.56,0.8076923076923077,-inf
796,0.02,0.56,0.8461538461538463,-inf
797,0.02,0.56,0.8846153846153847,-inf
798,0.02,0.56,0.9230769230769231,-inf
799,0.02,0.56,0.9615384615384616,-inf
800,0.02,0.64,0.038461538461538464,1.4203992936756355e+21
801,0.02,0.64,0.07692307692307693,1.4203992936756355e+21
802,0.02,0.64,0.11538461538461539,1.4203992936756355e+21
803,0.02,0.64,0.15384615384615385,1.4203992936756355e+21
804,0.02,0.64,0.19230769230769232,1.4203992936756355e+21
805,0.02,0.64,0.23076923076923078,1.4203992936756355e+21
806,0.02,0.64,0.2692307692307693,1.4203992936756355e+21
807,0.02,0.64,0.3076923076923077,1.4480694097861998e+21
808,0.02,0.64,0.34615384615384615,1.4203992936756355e+21
809,0.02,0.64,0.38461538461538464,1.4203992936756355e+21
810,0.02,0.64,0.42307692307692313,1.4203992936756355e+21
811,0.02,0.64,0.46153846153846156,1.4203992936756355e+21
812,0.02,0.64,0.5,1.4203992936756355e+21
813,0.02,0.64,0.5384615384615385,1.4203992936756355e+21
814,0.02,0.64,0.576923076923077,1.4203992936756355e+21
815,0.02,0.64,0.6153846153846154,1.4480694097861998e+21
816,0.02,0.64,0.6538461538461539,1.4203992936756355e+21
817,0.02,0.64,0.6923076923076923,1.4203992936756355e+21
818,0.02,0.64,0.7307692307692308,1.4203992936756355e+21
819,0.02,0.64,0.7692307692307693,-inf
820,0.02,0.64,0.8076923076923077,-inf
821,0.02,0.64,0.8461538461538463,-inf
822,0.02,0.64,0.8846153846153847,-inf
823,0.02,0.64,0.9230769230769231,-inf
824,0.02,0.64,0.9615384615384616,-inf
825,0.02,0.72,0.038461538461538464,1.4480694097861998e+21
826,0.02,0.72,0.07692307692307693,1.4203992936756355e+21
827,0.02,0.72,0.11538461538461539,1.4203992936756355e+21
828,0.02,0.72,0.15384615384615385,1.4203992936756355e+21
829,0.02,0.72,0.19230769230769232,1.4203992936756355e+21
830,0.02,0.72,0.23076923076923078,1.4203992936756355e+21
831,0.02,0.72,0.2692307692307693,1.4203992936756355e+21
832,0.02,0.72,0.3076923076923077,1.4480694097861998e+21
833,0.02,0.72,0.34615384615384615,1.4203992936756355e+21
834,0.02,0.72,0.38461538461538464,1.4203992936756355e+21
835,0.02,0.72,0.42307692307692313,1.4203992936756355e+21
836,0.02,0.72,0.46153846153846156,1.4203992936756355e+21
837,0.02,0.72,0.5,1.4203992936756355e+21
838,0.02,0.72,0.5384615384615385,1.4203992936756355e+21
839,0.02,0.72,0.576923076923077,1.4203992936756355e+21
840,0.02,0.72,0.6153846153846154,1.4203992936756355e+21
841,0.02,0.72,0.6538461538461539,1.4203992936756355e+21
842,0.02,0.72,0.6923076923076923,1.4480694097861998e+21
843,0.02,0.72,0.7307692307692308,1.4480694097861998e+21
844,0.02,0.72,0.7692307692307693,-inf
845,0.02,0.72,0.8076923076923077,-inf
846,0.02,0.72,0.8461538461538463,-inf
847,0.02,0.72,0.8846153846153847,-inf
848,0.02,0.72,0.9230769230769231,-inf
849,0.02,0.72,0.9615384615384616,-inf
850,0.02,0.8,0.038461538461538464,1.4203992936756355e+21
851,0.02,0.8,0.07692307692307693,1.4203992936756355e+21
852,0.02,0.8,0.11538461538461539,1.4203992936756355e+21
853,0.02,0.8,0.15384615384615385,1.4203992936756355e+21
854,0.02,0.8,0.19230769230769232,1.4203992936756355e+21
855,0.02,0.8,0.23076923076923078,1.4480694097861998e+21
856,0.02,0.8,0.2692307692307693,1.4203992936756355e+21
857,0.02,0.8,0.3076923076923077,1.4203992936756355e+21
858,0.02,0.8,0.34615384615384615,1.4203992936756355e+21
859,0.02,0.8,0.38461538461538464,1.4203992936756355e+21
860,0.02,0.8,0.42307692307692313,1.4203992936756355e+21
861,0.02,0.8,0.46153846153846156,1.4203992936756355e+21
862,0.02,0.8,0.5,1.4203992936756355e+21
863,0.02,0.8,0.5384615384615385,1.4203992936756355e+21
864,0.02,0.8,0.576923076923077,1.4203992936756355e+21
865,0.02,0.8,0.6153846153846154,1.4203992936756355e+21
866,0.02,0.8,0.6538461538461539,1.4203992936756355e+21
867,0.02,0.8,0.6923076923076923,1.4203992936756355e+21
868,0.02,0.8,0.7307692307692308,1.4203992936756355e+21
869,0.02,0.8,0.7692307692307693,-inf
870,0.02,0.8,0.8076923076923077,1.4480694097861998e+21
871,0.02,0.8,0.8461538461538463,-inf
872,0.02,0.8,0.8846153846153847,-inf
873,0.02,0.8,0.9230769230769231,-inf
874,0.02,0.8,0.9615384615384616,-inf
875,0.02,0.88,0.038461538461538464,1.4203992936756355e+21
876,0.02,0.88,0.07692307692307693,1.4203992936756355e+21
877,0.02,0.88,0.11538461538461539,1.4203992936756355e+21
878,0.02,0.88,0.15384615384615385,1.4203992936756355e+21
879,0.02,0.88,0.19230769230769232,1.4203992936756355e+21
880,0.02,0.88,0.23076923076923078,1.4203992936756355e+21
881,0.02,0.88,0.2692307692307693,1.4203992936756355e+21
882,0.02,0.88,0.3076923076923077,1.4203992936756355e+21
883,0.02,0.88,0.34615384615384615,1.4203992936756355e+21
884,0.02,0.88,0.38461538461538464,1.4203992936756355e+21
885,0.02,0.88,0.42307692307692313,1.4203992936756355e+21
886,0.02,0.88,0.46153846153846156,1.4480694097861998e+21
887,0.02,0.88,0.5,1.4203992936756355e+21
888,0.02,0.88,0.5384615384615385,1.4480694097861998e+21
889,0.02,0.88,0.576923076923077,1.4203992936756355e+21
890,0.02,0.88,0.6153846153846154,1.4203992936756355e+21
891,0.02,0.88,0.6538461538461539,1.4203992936756355e+21
892,0.02,0.88,0.6923076923076923,1.4480694097861998e+21
893,0.02,0.88,0.7307692307692308,1.4480694097861998e+21
894,0.02,0.88,0.7692307692307693,-inf
895,0.02,0.88,0.8076923076923077,-inf
896,0.02,0.88,0.8461538461538463,1.4203992936756355e+21
897,0.02,0.88,0.8846153846153847,1.4203992936756355e+21
898,0.02,0.88,0.9230769230769231,-inf
899,0.02,0.88,0.9615384615384616,-inf
900,0.02,0.96,0.038461538461538464,1.4203992936756355e+21
901,0.02,0.96,0.07692307692307693,1.4203992936756355e+21
902,0.02,0.96,0.11538461538461539,1.4480694097861998e+21
903,0.02,0.96,0.15384615384615385,1.4480694097861998e+21
904,0.02,0.96,0.19230769230769232,1.4203992936756355e+21
905,0.02,0.96,0.23076923076923078,1.4203992936756355e+21
906,0.02,0.96,0.2692307692307693,1.4203992936756355e+21
907,0.02,0.96,0.3076923076923077,1.4203992936756355e+21
908,0.02,0.96,0.34615384615384615,1.4203992936756355e+21
909,0.02,0.96,0.38461538461538464,1.4203992936756355e+21
910,0.02,0.96,0.42307692307692313,1.4203992936756355e+21
911,0.02,0.96,0.46153846153846156,1.4203992936756355e+21
912,0.02,0.96,0.5,1.4203992936756355e+21
913,0.02,0.96,0.5384615384615385,1.4203992936756355e+21
914,0.02,0.96,0.576923076923077,1.4203992936756355e+21
915,0.02,0.96,0.6153846153846154,1.4203992936756355e+21
916,0.02,0.96,0.6538461538461539,1.4480694097861998e+21
917,0.02,0.96,0.6923076923076923,1.4203992936756355e+21
918,0.02,0.96,0.7307692307692308,1.4203992936756355e+21
919,0.02,0.96,0.7692307692307693,1.4203992936756355e+21
920,0.02,0.96,0.8076923076923077,-inf
921,0.02,0.96,0.8461538461538463,-inf
922,0.02,0.96,0.8846153846153847,-inf
923,0.02,0.96,0.9230769230769231,-inf
924,0.02,0.96,0.9615384615384616,-inf
925,0.02,1.04,0.038461538461538464,1.4203992936756355e+21
926,0.02,1.04,0.07692307692307693,1.4203992936756355e+21
927,0.02,1.04,0.11538461538461539,1.4203992936756355e+21
928,0.02,1.04,0.15384615384615385,1.4203992936756355e+21
929,0.02,1.04,0.19230769230769232,1.4203992936756355e+21
930,0.02,1.04,0.23076923076923078,1.4203992936756355e+21
931,0.02,1.04,0.2692307692307693,1.4203992936756355e+21
932,0.02,1.04,0.3076923076923077,1.4203992936756355e+21
933,0.02,1.04,0.34615384615384615,1.4203992936756355e+21
934,0.02,1.04,0.38461538461538464,1.4203992936756355e+21
935,0.02,1.04,0.42307692307692313,1.4203992936756355e+21
936,0.02,1.04,0.46153846153846156,1.4203992936756355e+21
937,0.02,1.04,0.5,1.4203992936756355e+21
938,0.02,1.04,0.5384615384615385,1.4203992936756355e+21
939,0.02,1.04,0.576923076923077,1.4203992936756355e+21
940,0.02,1.04,0.6153846153846154,1.4203992936756355e+21
941,0.02,1.04,0.6538461538461539,1.4203992936756355e+21
942,0.02,1.04,0.6923076923076923,1.4203992936756355e+21
943,0.02,1.04,0.7307692307692308,1.4480694097861998e+21
944,0.02,1.04,0.7692307692307693,1.4480694097861998e+21
945,0.02,1.04,0.8076923076923077,1.4480694097861998e+21
946,0.02,1.04,0.8461538461538463,1.4203992936756355e+21
947,0.02,1.04,0.8846153846153847,-inf
948,0.02,1.04,0.9230769230769231,-inf
949,0.02,1.04,0.9615384615384616,-inf
950,0.02,1.12,0.038461538461538464,1.4203992936756355e+21
951,0.02,1.12,0.07692307692307693,1.4203992936756355e+21
952,0.02,1.12,0.11538461538461539,1.4203992936756355e+21
953,0.02,1.12,0.15384615384615385,1.4203992936756355e+21
954,0.02,1.12,0.19230769230769232,1.4203992936756355e+21
955,0.02,1.12,0.23076923076923078,1.4203992936756355e+21
956,0.02,1.12,0.2692307692307693,1.4203992936756355e+21
957,0.02,1.12,0.3076923076923077,1.4203992936756355e+21
958,0.02,1.12,0.34615384615384615,1.4480694097861998e+21
959,0.02,1.12,0.38461538461538464,1.4203992936756355e+21
960,0.02,1.12,0.42307692307692313,1.4203992936756355e+21
961,0.02,1.12,0.46153846153846156,1.4203992936756355e+21
962,0.02,1.12,0.5,1.4203992936756355e+21
963,0.02,1.12,0.5384615384615385,1.4203992936756355e+21
964,0.02,1.12,0.576923076923077,1.4480694097861998e+21
965,0.02,1.12,0.6153846153846154,1.4203992936756355e+21
966,0.02,1.12,0.6538461538461539,1.4480694097861998e+21
967,0.02,1.12,0.6923076923076923,1.4203992936756355e+21
968,0.02,1.12,0.7307692307692308,1.4203992936756355e+21
969,0.02,1.12,0.7692307692307693,1.4203992936756355e+21
970,0.02,1.12,0.8076923076923077,1.4203992936756355e+21
971,0.02,1.12,0.8461538461538463,-inf
972,0.02,1.12,0.8846153846153847,-inf
973,0.02,1.12,0.9230769230769231,-inf
974,0.02,1.12,0.9615384615384616,-inf
975,0.02,1.2,0.038461538461538464,1.4203992936756355e+21
976,0.02,1.2,0.07692307692307693,1.4203992936756355e+21
977,0.02,1.2,0.11538461538461539,1.4203992936756355e+21
978,0.02,1.2,0.15384615384615385,1.4203992936756355e+21
979,0.02,1.2,0.19230769230769232,1.4203992936756355e+21
980,0.02,1.2,0.23076923076923078,1.4203992936756355e+21
981,0.02,1.2,0.2692307692307693,1.4203992936756355e+21
982,0.02,1.2,0.3076923076923077,1.4203992936756355e+21
983,0.02,1.2,0.34615384615384615,1.4203992936756355e+21
984,0.02,1.2,0.38461538461538464,1.4203992936756355e+21
985,0.02,1.2,0.42307692307692313,1.4203992936756355e+21
986,0.02,1.2,0.46153846153846156,1.4203992936756355e+21
987,0.02,1.2,0.5,1.4203992936756355e+21
988,0.02,1.2,0.5384615384615385,1.4203992936756355e+21
989,0.02,1.2,0.576923076923077,1.4203992936756355e+21
990,0.02,1.2,0.6153846153846154,1.4203992936756355e+21
991,0.02,1.2,0.6538461538461539,1.4480694097861998e+21
992,0.02,1.2,0.6923076923076923,1.4203992936756355e+21
993,0.02,1.2,0.7307692307692308,1.4480694097861998e+21
994,0.02,1.2,0.7692307692307693,1.4203992936756355e+21
995,0.02,1.2,0.8076923076923077,1.4480694097861998e+21
996,0.02,1.2,0.8461538461538463,1.4480694097861998e+21
997,0.02,1.2,0.8846153846153847,-inf
998,0.02,1.2,0.9230769230769231,-inf
999,0.02,1.2,0.9615384615384616,-inf
1000,0.02,1.28,0.038461538461538464,1.4203992936756355e+21
1001,0.02,1.28,0.07692307692307693,1.4203992936756355e+21
1002,0.02,1.28,0.11538461538461539,1.4203992936756355e+21
1003,0.02,1.28,0.15384615384615385,1.4203992936756355e+21
1004,0.02,1.28,0.19230769230769232,1.4203992936756355e+21
1005,0.02,1.28,0.23076923076923078,1.4203992936756355e+21
1006,0.02,1.28,0.2692307692307693,1.4203992936756355e+21
1007,0.02,1.28,0.3076923076923077,1.4480694097861998e+21
1008,0.02,1.28,0.34615384615384615,1.4203992936756355e+21
1009,0.02,1.28,0.38461538461538464,1.4203992936756355e+21
1010,0.02,1.28,0.42307692307692313,1.4203992936756355e+21
1011,0.02,1.28,0.46153846153846156,1.4203992936756355e+21
1012,0.02,1.28,0.5,1.4203992936756355e+21
1013,0.02,1.28,0.5384615384615385,1.4203992936756355e+21
1014,0.02,1.28,0.576923076923077,1.4203992936756355e+21
1015,0.02,1.28,0.6153846153846154,1.4480694097861998e+21
1016,0.02,1.28,0.6538461538461539,1.4480694097861998e+21
1017,0.02,1.28,0.6923076923076923,1.4203992936756355e+21
1018,0.02,1.28,0.7307692307692308,1.4203992936756355e+21
1019,0.02,1.28,0.7692307692307693,1.4203992936756355e+21
1020,0.02,1.28,0.8076923076923077,1.4480694097861998e+21
1021,0.02,1.28,0.8461538461538463,1.4480694097861998e+21
1022,0.02,1.28,0.8846153846153847,-inf
1023,0.02,1.28,0.9230769230769231,-inf
1024,0.02,1.28,0.9615384615384616,-inf
1025,0.02,1.36,0.038461538461538464,1.4203992936756355e+21
1026,0.02,1.36,0.07692307692307693,1.4203992936756355e+21
1027,0.02,1.36,0.11538461538461539,1.4480694097861998e+21
1028,0.02,1.36,0.15384615384615385,1.4203992936756355e+21
1029,0.02,1.36,0.19230769230769232,1.4203992936756355e+21
1030,0.02,1.36,0.23076923076923078,1.4203992936756355e+21
1031,0.02,1.36,0.2692307692307693,1.4203992936756355e+21
1032,0.02,1.36,0.3076923076923077,1.4203992936756355e+21
1033,0.02,1.36,0.34615384615384615,1.4203992936756355e+21
1034,0.02,1.36,0.38461538461538464,1.4480694097861998e+21
1035,0.02,1.36,0.42307692307692313,1.4480694097861998e+21
1036,0.02,1.36,0.46153846153846156,1.4203992936756355e+21
1037,0.02,1.36,0.5,1.4203992936756355e+21
1038,0.02,1.36,0.5384615384615385,1.4203992936756355e+21
1039,0.02,1.36,0.576923076923077,1.4203992936756355e+21
1040,0.02,1.36,0.6153846153846154,1.4480694097861998e+21
1041,0.02,1.36,0.6538461538461539,1.4203992936756355e+21
1042,0.02,1.36,0.6923076923076923,1.4480694097861998e+21
1043,0.02,1.36,0.7307692307692308,1.4480694097861998e+21
1044,0.02,1.36,0.7692307692307693,1.4480694097861998e+21
1045,0.02,1.36,0.8076923076923077,1.4203992936756355e+21
1046,0.02,1.36,0.8461538461538463,1.4480694097861998e+21
1047,0.02,1.36,0.8846153846153847,1.4480694097861998e+21
1048,0.02,1.36,0.9230769230769231,-inf
1049,0.02,1.36,0.9615384615384616,-inf
1050,0.02,1.44,0.038461538461538464,1.4203992936756355e+21
1051,0.02,1.44,0.07692307692307693,1.4480694097861998e+21
1052,0.02,1.44,0.11538461538461539,1.4203992936756355e+21
1053,0.02,1.44,0.15384615384615385,1.4203992936756355e+21
1054,0.02,1.44,0.19230769230769232,1.4203992936756355e+21
1055,0.02,1.44,0.23076923076923078,1.4203992936756355e+21
1056,0.02,1.44,0.2692307692307693,1.4203992936756355e+21
1057,0.02,1.44,0.3076923076923077,1.4203992936756355e+21
1058,0.02,1.44,0.34615384615384615,1.4203992936756355e+21
1059,0.02,1.44,0.38461538461538464,1.4203992936756355e+21
1060,0.02,1.44,0.42307692307692313,1.4480694097861998e+21
1061,0.02,1.44,0.46153846153846156,1.4203992936756355e+21
1062,0.02,1.44,0.5,1.4203992936756355e+21
1063,0.02,1.44,0.5384615384615385,1.4203992936756355e+21
1064,0.02,1.44,0.576923076923077,1.4203992936756355e+21
1065,0.02,1.44,0.6153846153846154,1.4480694097861998e+21
1066,0.02,1.44,0.6538461538461539,1.4203992936756355e+21
1067,0.02,1.44,0.6923076923076923,1.4203992936756355e+21
1068,0.02,1.44,0.7307692307692308,1.4203992936756355e+21
1069,0.02,1.44,0.7692307692307693,1.4480694097861998e+21
1070,0.02,1.44,0.8076923076923077,1.4203992936756355e+21
1071,0.02,1.44,0.8461538461538463,1.4203992936756355e+21
1072,0.02,1.44,0.8846153846153847,1.4203992936756355e+21
1073,0.02,1.44,0.9230769230769231,-inf
1074,0.02,1.44,0.9615384615384616,-inf
1075,0.02,1.52,0.038461538461538464,1.4203992936756355e+21
1076,0.02,1.52,0.07692307692307693,1.4203992936756355e+21
1077,0.02,1.52,0.11538461538461539,1.4203992936756355e+21
1078,0.02,1.52,0.15384615384615385,1.4203992936756355e+21
1079,0.02,1.52,0.19230769230769232,1.4203992936756355e+21
1080,0.02,1.52,0.23076923076923078,1.4203992936756355e+21
1081,0.02,1.52,0.2692307692307693,1.4480694097861998e+21
1082,0.02,1.52,0.3076923076923077,1.4203992936756355e+21
1083,0.02,1.52,0.34615384615384615,1.4203992936756355e+21
1084,0.02,1.52,0.38461538461538464,1.4203992936756355e+21
1085,0.02,1.52,0.42307692307692313,1.4203992936756355e+21
1086,0.02,1.52,0.46153846153846156,1.4203992936756355e+21
1087,0.02,1.52,0.5,1.4203992936756355e+21
1088,0.02,1.52,0.5384615384615385,1.4203992936756355e+21
1089,0.02,1.52,0.576923076923077,1.4203992936756355e+21
1090,0.02,1.52,0.6153846153846154,1.4203992936756355e+21
1091,0.02,1.52,0.6538461538461539,1.4203992936756355e+21
1092,0.02,1.52,0.6923076923076923,1.4203992936756355e+21
1093,0.02,1.52,0.7307692307692308,1.4203992936756355e+21
1094,0.02,1.52,0.7692307692307693,1.4203992936756355e+21
1095,0.02,1.52,0.8076923076923077,1.4480694097861998e+21
1096,0.02,1.52,0.8461538461538463,1.4203992936756355e+21
1097,0.02,1.52,0.8846153846153847,1.4203992936756355e+21
1098,0.02,1.52,0.9230769230769231,1.4203992936756355e+21
1099,0.02,1.52,0.9615384615384616,-inf
1100,0.02,1.6,0.038461538461538464,1.4480694097861998e+21
1101,0.02,1.6,0.07692307692307693,1.4203992936756355e+21
1102,0.02,1.6,0.11538461538461539,1.4203992936756355e+21
1103,0.02,1.6,0.15384615384615385,1.4203992936756355e+21
1104,0.02,1.6,0.19230769230769232,1.4203992936756355e+21
1105,0.02,1.6,0.23076923076923078,1.4203992936756355e+21
1106,0.02,1.6,0.2692307692307693,1.4203992936756355e+21
1107,0.02,1.6,0.3076923076923077,1.4203992936756355e+21
1108,0.02,1.6,0.34615384615384615,1.4203992936756355e+21
1109,0.02,1.6,0.38461538461538464,1.4203992936756355e+21
1110,0.02,1.6,0.42307692307692313,1.4203992936756355e+21
1111,0.02,1.6,0.46153846153846156,1.4203992936756355e+21
1112,0.02,1.6,0.5,1.4203992936756355e+21
1113,0.02,1.6,0.5384615384615385,1.4203992936756355e+21
1114,0.02,1.6,0.576923076923077,1.4203992936756355e+21
1115,0.02,1.6,0.6153846153846154,1.4203992936756355e+21
1116,0.02,1.6,0.6538461538461539,1.4203992936756355e+21
1117,0.02,1.6,0.6923076923076923,1.4480694097861998e+21
1118,0.02,1.6,0.7307692307692308,1.4203992936756355e+21
1119,0.02,1.6,0.7692307692307693,1.4203992936756355e+21
1120,0.02,1.6,0.8076923076923077,1.4480694097861998e+21
1121,0.02,1.6,0.8461538461538463,1.4480694097861998e+21
1122,0.02,1.6,0.8846153846153847,1.4203992936756355e+21
1123,0.02,1.6,0.9230769230769231,-inf
1124,0.02,1.6,0.9615384615384616,-inf
