,alpha,mu,omega,logposterior
0,0.039982967,0.99374384,0.614549,-1969.711181640625
1,0.04055609,0.9940563,0.6155585,-1969.9757080078125
2,0.040087488,1.0152717,0.6112876,-1971.306640625
3,0.040087488,1.0152717,0.6112876,-1970.9239501953125
4,0.040087488,1.0152717,0.6112876,-1971.41748046875
5,0.040087488,1.0152717,0.6112876,-1971.50244140625
6,0.04036304,1.0161659,0.6227246,-1968.9400634765625
7,0.04036304,1.0161659,0.6227246,-1970.101318359375
8,0.04036304,1.0161659,0.6227246,-1968.8463134765625
9,0.03981335,1.0022024,0.634991,-1966.554443359375
10,0.03981335,1.0022024,0.634991,-1966.856689453125
11,0.03981335,1.0022024,0.634991,-1967.9317626953125
12,0.03981335,1.0022024,0.634991,-1966.8511962890625
13,0.03981335,1.0022024,0.634991,-1967.4066162109375
14,0.039751492,1.0058255,0.6305297,-1967.6710205078125
15,0.039751492,1.0058255,0.6305297,-1967.8055419921875
16,0.039751492,1.0058255,0.6305297,-1967.552490234375
17,0.039751492,1.0058255,0.6305297,-1967.2291259765625
18,0.039751492,1.0058255,0.6305297,-1968.7730712890625
19,0.039751492,1.0058255,0.6305297,-1967.216796875
20,0.040487688,1.0123992,0.62373257,-1968.3184814453125
21,0.040487688,1.0123992,0.62373257,-1969.2581787109375
22,0.040914327,1.0359328,0.6292939,-1968.7401123046875
23,0.040914327,1.0359328,0.6292939,-1969.240234375
24,0.041437108,1.0231459,0.6317562,-1968.4178466796875
25,0.041437108,1.0231459,0.6317562,-1969.425537109375
26,0.041173127,1.039938,0.6287123,-1969.575927734375
27,0.04102317,1.0472406,0.6322157,-1969.146240234375
28,0.04167353,1.059166,0.64565814,-1966.640625
29,0.041412022,1.0495367,0.6354838,-1968.0548095703125
30,0.041412022,1.0495367,0.6354838,-1967.9287109375
31,0.041412022,1.0495367,0.6354838,-1967.2410888671875
32,0.041622143,1.0345837,0.64172167,-1967.8026123046875
33,0.041622143,1.0345837,0.64172167,-1967.4356689453125
34,0.04190337,1.0295702,0.6512991,-1967.839111328125
35,0.04190337,1.0295702,0.6512991,-1966.3587646484375
36,0.04190337,1.0295702,0.6512991,-1974.2965087890625
37,0.04190337,1.0295702,0.6512991,-1970.514404296875
38,0.041759912,1.041894,0.6470438,-1967.70166015625
39,0.04178742,1.0485774,0.65071785,-1965.7403564453125
40,0.04178742,1.0485774,0.65071785,-1967.062255859375
41,0.041627076,1.0485635,0.65216386,-1966.299072265625
42,0.041627076,1.0485635,0.65216386,-1966.083740234375
43,0.041627076,1.0485635,0.65216386,-1965.9117431640625
44,0.041084293,1.0564029,0.6497439,-1966.3468017578125
45,0.041084293,1.0564029,0.6497439,-1965.1151123046875
46,0.04091267,1.0501931,0.652547,-1965.199462890625
47,0.04091267,1.0501931,0.652547,-1965.887451171875
48,0.04091267,1.0501931,0.652547,-1966.6094970703125
49,0.041012928,1.049243,0.6484868,-1967.230224609375
50,0.041223045,1.0665785,0.631067,-1968.5067138671875
51,0.041223045,1.0665785,0.631067,-1969.639404296875
52,0.041223045,1.0665785,0.631067,-1969.821533203125
53,0.041303437,1.052169,0.64333946,-1966.8468017578125
54,0.04117246,1.0796192,0.6362651,-1968.3123779296875
55,0.04125895,1.0705249,0.6428041,-1966.4105224609375
56,0.04148153,1.0579612,0.6524573,-1965.63671875
57,0.041525036,1.0565221,0.6519528,-1966.6920166015625
58,0.041525036,1.0565221,0.6519528,-1966.0523681640625
59,0.041850712,1.0497394,0.6591283,-1967.389404296875
60,0.042037446,1.0390478,0.6492589,-1967.4375
61,0.042037446,1.0390478,0.6492589,-1966.65380859375
62,0.042037446,1.0390478,0.6492589,-1967.5762939453125
63,0.042156495,1.0271515,0.6364764,-1968.4520263671875
64,0.04193712,1.0269656,0.644487,-1967.4945068359375
65,0.041685853,1.0195489,0.6456887,-1967.7742919921875
66,0.041685853,1.0195489,0.6456887,-1968.7825927734375
67,0.041882217,1.028283,0.64372355,-1967.3740234375
68,0.041539,1.0299925,0.6422744,-1966.9786376953125
69,0.0412791,1.0277332,0.62968934,-1969.109619140625
70,0.0412791,1.0277332,0.62968934,-1967.982421875
71,0.041403677,1.0418142,0.62586856,-1969.11474609375
72,0.04154534,1.036036,0.6261937,-1970.24267578125
73,0.04138839,1.0349758,0.620079,-1971.2576904296875
74,0.042289857,1.0212326,0.60642314,-1975.3773193359375
75,0.04248862,1.027262,0.6046581,-1976.6988525390625
76,0.042971775,1.0255673,0.62276316,-1972.6541748046875
77,0.043493386,1.0350636,0.6249328,-1972.3818359375
78,0.04434426,1.0323585,0.6342849,-1971.413330078125
79,0.04434426,1.0323585,0.6342849,-1971.21826171875
80,0.044035852,1.0275561,0.6336546,-1971.9188232421875
81,0.044035852,1.0275561,0.6336546,-1970.8712158203125
82,0.044035852,1.0275561,0.6336546,-1972.5537109375
83,0.044035852,1.0275561,0.6336546,-1971.8544921875
84,0.043646857,1.0323094,0.6276392,-1972.92138671875
85,0.043646857,1.0323094,0.6276392,-1971.5743408203125
86,0.043646857,1.0323094,0.6276392,-1971.6402587890625
87,0.043646857,1.0323094,0.6276392,-1971.890869140625
88,0.043646857,1.0323094,0.6276392,-1971.5179443359375
89,0.043646857,1.0323094,0.6276392,-1971.958251953125
90,0.043646857,1.0323094,0.6276392,-1972.3831787109375
91,0.04350838,1.0282174,0.6374868,-1970.0809326171875
92,0.0432818,1.0385852,0.6434285,-1968.6435546875
93,0.042720817,1.0473173,0.6452986,-1967.7257080078125
94,0.043084208,1.0417712,0.65370023,-1969.1630859375
95,0.043084208,1.0417712,0.65370023,-1967.7523193359375
96,0.043084208,1.0417712,0.65370023,-1969.70751953125
97,0.04277464,1.0467824,0.63979757,-1970.417724609375
98,0.04243904,1.0395794,0.6460891,-1968.4141845703125
99,0.04313947,1.0503502,0.6433859,-1969.162841796875
100,0.04319531,1.0467734,0.63977474,-1969.6502685546875
101,0.043645233,1.0433211,0.64005864,-1969.7384033203125
102,0.042818237,1.0499427,0.6566446,-1966.9365234375
103,0.04355053,1.0413842,0.6480065,-1968.59765625
104,0.043125853,1.0437711,0.6495166,-1968.7977294921875
105,0.043125853,1.0437711,0.6495166,-1968.563720703125
106,0.043125853,1.0437711,0.6495166,-1968.260498046875
107,0.043125853,1.0437711,0.6495166,-1969.0623779296875
108,0.041765887,1.0352265,0.66284305,-1966.19580078125
109,0.04136223,1.0315087,0.65297014,-1965.77734375
110,0.04136223,1.0315087,0.65297014,-1967.332275390625
111,0.04136223,1.0315087,0.65297014,-1967.1341552734375
112,0.041149445,1.0326484,0.65596604,-1968.5255126953125
113,0.041313384,1.0318701,0.66894376,-1975.483642578125
114,0.041313384,1.0318701,0.66894376,-1975.04296875
115,0.04186588,1.051518,0.6645009,-1966.4571533203125
116,0.04234845,1.0570462,0.64600843,-1967.118896484375
117,0.043104608,1.0325985,0.64770985,-1967.8104248046875
118,0.04316312,1.0359749,0.6613531,-1967.3121337890625
119,0.04316312,1.0359749,0.6613531,-1970.252197265625
120,0.04396969,1.0203496,0.65295565,-1969.0272216796875
121,0.04345287,1.0234743,0.64680994,-1968.732177734375
122,0.044347927,1.0301293,0.6508506,-1969.5626220703125
123,0.044347927,1.0301293,0.6508506,-1968.8121337890625
124,0.045029484,1.0312924,0.65484065,-1973.179443359375
125,0.045274105,1.0420637,0.66048104,-1970.1441650390625
126,0.045274105,1.0420637,0.66048104,-1973.525634765625
127,0.04550298,1.0453308,0.6513988,-1970.279541015625
128,0.04550298,1.0453308,0.6513988,-1970.8184814453125
129,0.0464724,1.0513245,0.6528052,-1970.3409423828125
130,0.045946192,1.0597193,0.6591046,-1970.85107421875
131,0.045071736,1.0509824,0.6600447,-1967.7979736328125
132,0.04486934,1.040757,0.6525747,-1970.5560302734375
133,0.04486934,1.040757,0.6525747,-1971.5015869140625
134,0.04486934,1.040757,0.6525747,-1972.6383056640625
135,0.04486934,1.040757,0.6525747,-1969.0020751953125
136,0.04524964,1.0447084,0.64445996,-1971.4056396484375
137,0.045153327,1.0525209,0.6511886,-1968.604248046875
138,0.045027036,1.0413786,0.6499698,-1970.2724609375
139,0.045027036,1.0413786,0.6499698,-1970.9212646484375
140,0.04479641,1.0333004,0.6454002,-1970.650146484375
141,0.04469436,1.0426643,0.65123004,-1969.37744140625
142,0.045049403,1.0474714,0.6471427,-1969.52001953125
143,0.045049403,1.0474714,0.6471427,-1970.172119140625
144,0.044403095,1.0487183,0.6573087,-1967.8355712890625
145,0.044767283,1.0395484,0.6490246,-1969.9896240234375
146,0.045322433,1.0559216,0.6521339,-1969.1212158203125
147,0.045322433,1.0559216,0.6521339,-1969.293212890625
148,0.04529503,1.0573637,0.65236795,-1969.7301025390625
149,0.04529503,1.0573637,0.65236795,-1969.9422607421875
150,0.04529503,1.0573637,0.65236795,-1970.46484375
151,0.04529503,1.0573637,0.65236795,-1970.5157470703125
152,0.04529503,1.0573637,0.65236795,-1969.7296142578125
153,0.044804104,1.037274,0.6511897,-1970.361083984375
154,0.044836767,1.0587071,0.6371378,-1971.4632568359375
155,0.045293257,1.0709804,0.63840604,-1972.0040283203125
156,0.044937667,1.0755996,0.6375102,-1972.4910888671875
157,0.04499366,1.0778921,0.637716,-1972.363525390625
158,0.04480266,1.0795652,0.6397693,-1971.254150390625
159,0.045616,1.096221,0.641499,-1972.7518310546875
160,0.045616,1.096221,0.641499,-1972.850830078125
161,0.045403223,1.0948093,0.6374069,-1973.658447265625
162,0.045403223,1.0948093,0.6374069,-1973.0145263671875
163,0.045707412,1.0728474,0.62795544,-1976.160400390625
164,0.045707412,1.0728474,0.62795544,-1975.683349609375
165,0.045707412,1.0728474,0.62795544,-1976.4378662109375
166,0.0453929,1.0411097,0.62676734,-1975.1253662109375
167,0.0453929,1.0411097,0.62676734,-1976.5791015625
168,0.04534365,1.0394187,0.6374021,-1973.794677734375
169,0.045372188,1.0367775,0.63715476,-1973.502685546875
170,0.045517463,1.0332801,0.6432151,-1972.308837890625
171,0.045517463,1.0332801,0.6432151,-1972.3829345703125
172,0.045517463,1.0332801,0.6432151,-1970.6710205078125
173,0.045517463,1.0332801,0.6432151,-1971.44189453125
174,0.045328435,1.036076,0.6359159,-1972.12841796875
175,0.045480963,1.016717,0.63637507,-1972.5404052734375
176,0.045206834,1.0306486,0.643746,-1972.5032958984375
177,0.04534591,1.0309565,0.63987833,-1970.937255859375
178,0.044509247,1.0230566,0.6344017,-1972.351806640625
179,0.043344464,1.0502954,0.64579576,-1967.6044921875
180,0.043344464,1.0502954,0.64579576,-1967.9593505859375
181,0.043255083,1.0279192,0.6344556,-1969.66796875
182,0.043255083,1.0279192,0.6344556,-1970.8726806640625
183,0.043622877,1.0548683,0.63950855,-1971.19287109375
184,0.043622877,1.0548683,0.63950855,-1970.6561279296875
185,0.04432548,1.0258251,0.6542375,-1969.29296875
186,0.04432548,1.0258251,0.6542375,-1968.933837890625
187,0.045028258,1.0313128,0.6566383,-1975.2176513671875
188,0.045028258,1.0313128,0.6566383,-1969.811279296875
189,0.045028258,1.0313128,0.6566383,-1973.014892578125
190,0.045724474,1.0343482,0.65951085,-1970.4952392578125
191,0.045724474,1.0343482,0.65951085,-1969.950927734375
192,0.04510807,1.0200584,0.6653991,-1970.94580078125
193,0.044228822,1.0247258,0.66215724,-1975.26025390625
194,0.044307936,1.0295073,0.65896493,-1970.0120849609375
195,0.044307936,1.0295073,0.65896493,-1974.0443115234375
196,0.044307936,1.0295073,0.65896493,-1969.17431640625
197,0.044307936,1.0295073,0.65896493,-1971.199951171875
198,0.044307936,1.0295073,0.65896493,-1969.5721435546875
199,0.04485476,1.0342332,0.6608011,-1971.8973388671875
200,0.04485476,1.0342332,0.6608011,-1970.4813232421875
201,0.04485476,1.0342332,0.6608011,-1967.5360107421875
202,0.04485476,1.0342332,0.6608011,-1969.2861328125
203,0.044514243,1.044523,0.67246073,-1974.9495849609375
204,0.044514243,1.044523,0.67246073,-1976.0947265625
205,0.044514243,1.044523,0.67246073,-1976.6513671875
206,0.044694997,1.0461408,0.67118865,-1970.8834228515625
207,0.044694997,1.0461408,0.67118865,-1969.2069091796875
208,0.04468441,1.0573955,0.67639023,-1975.121826171875
209,0.04468441,1.0573955,0.67639023,-1970.625244140625
210,0.04468441,1.0573955,0.67639023,-1978.4715576171875
211,0.044906855,1.061784,0.67230105,-1969.359619140625
212,0.044906855,1.061784,0.67230105,-1971.9383544921875
213,0.04518287,1.0747994,0.6635486,-1968.95703125
214,0.04518287,1.0747994,0.6635486,-1966.10205078125
215,0.045324747,1.0663416,0.6661988,-1967.896728515625
216,0.045525048,1.0680914,0.6666862,-1967.0242919921875
217,0.04567995,1.0674968,0.6529212,-1969.70849609375
218,0.04567995,1.0674968,0.6529212,-1969.2491455078125
219,0.04567995,1.0674968,0.6529212,-1970.515869140625
220,0.0453718,1.0713933,0.66172206,-1969.2747802734375
221,0.045750927,1.0657331,0.672648,-1966.7520751953125
222,0.04605141,1.079226,0.6723812,-1969.2122802734375
223,0.04560593,1.0797971,0.6689669,-1966.509521484375
224,0.045252834,1.0947211,0.65716404,-1968.08056640625
225,0.045252834,1.0947211,0.65716404,-1968.575439453125
226,0.045252834,1.0947211,0.65716404,-1970.287353515625
227,0.045252834,1.0947211,0.65716404,-1968.678466796875
228,0.045253176,1.081696,0.65727884,-1968.82666015625
229,0.04503763,1.0844368,0.6396913,-1972.70703125
230,0.04442385,1.097423,0.641938,-1971.2230224609375
231,0.044488706,1.0993339,0.65801024,-1967.2418212890625
232,0.044488706,1.0993339,0.65801024,-1967.6083984375
233,0.045010194,1.0901188,0.6699831,-1967.775146484375
234,0.045690354,1.1206857,0.6658303,-1966.747802734375
235,0.045716703,1.1327602,0.670088,-1966.3179931640625
236,0.045716703,1.1327602,0.670088,-1966.39111328125
237,0.045031447,1.1070076,0.67258656,-1965.8701171875
238,0.0443104,1.1131449,0.6711976,-1966.1048583984375
239,0.044390474,1.0949209,0.6590417,-1967.6959228515625
240,0.04472669,1.0980468,0.67187995,-1967.4791259765625
241,0.04492645,1.1222754,0.6734847,-1964.8948974609375
242,0.04492645,1.1222754,0.6734847,-1966.1458740234375
243,0.044745807,1.1170316,0.6645548,-1966.7730712890625
244,0.044745807,1.1170316,0.6645548,-1967.86962890625
245,0.045049813,1.1086096,0.6628621,-1966.7166748046875
246,0.045049813,1.1086096,0.6628621,-1966.9791259765625
247,0.045165256,1.1077901,0.66289055,-1967.54736328125
248,0.045486122,1.1092612,0.66385794,-1968.0064697265625
249,0.045486122,1.1092612,0.66385794,-1967.340576171875
250,0.046298135,1.1183791,0.6676093,-1967.7056884765625
251,0.045311533,1.1178318,0.6724989,-1966.5987548828125
252,0.045717616,1.1031975,0.6640374,-1967.656982421875
253,0.045717616,1.1031975,0.6640374,-1968.5755615234375
254,0.04532166,1.0909673,0.66704595,-1965.982666015625
255,0.04516444,1.0926635,0.6658748,-1967.85986328125
256,0.04516444,1.0926635,0.6658748,-1968.0887451171875
257,0.04563621,1.0977095,0.67107433,-1968.38330078125
258,0.04563621,1.0977095,0.67107433,-1967.8670654296875
259,0.04563621,1.0977095,0.67107433,-1967.0792236328125
260,0.046838224,1.0982592,0.6736669,-1967.8507080078125
261,0.046815004,1.0999014,0.6786166,-1968.47314453125
262,0.046230312,1.0866092,0.6731915,-1967.570556640625
263,0.046257798,1.0778909,0.6770581,-1968.095947265625
264,0.04612362,1.0707773,0.66936374,-1966.4619140625
265,0.04612362,1.0707773,0.66936374,-1968.2083740234375
266,0.045913134,1.072898,0.67086416,-1968.03515625
267,0.045913134,1.072898,0.67086416,-1966.4210205078125
268,0.046145707,1.0627074,0.6637004,-1969.868408203125
269,0.045382466,1.0617361,0.6486943,-1970.9410400390625
270,0.045382466,1.0617361,0.6486943,-1969.5611572265625
271,0.045437887,1.0679773,0.64337337,-1970.9166259765625
272,0.045338374,1.0703233,0.6512327,-1969.014404296875
273,0.045338374,1.0703233,0.6512327,-1969.307861328125
274,0.044622958,1.0685353,0.6777895,-1970.8759765625
275,0.044622958,1.0685353,0.6777895,-1989.3438720703125
276,0.044903856,1.0547211,0.66872954,-1970.6815185546875
277,0.044903856,1.0547211,0.66872954,-1976.8287353515625
278,0.0440401,1.0411594,0.66112065,-1971.609130859375
279,0.044570282,1.0412873,0.6581364,-1969.66015625
280,0.044570282,1.0412873,0.6581364,-1971.800537109375
281,0.044570282,1.0412873,0.6581364,-1968.12890625
282,0.044570282,1.0412873,0.6581364,-1968.3348388671875
283,0.044570282,1.0412873,0.6581364,-1968.8218994140625
284,0.044570282,1.0412873,0.6581364,-1971.850341796875
285,0.044570282,1.0412873,0.6581364,-1971.185546875
286,0.044686925,1.0367645,0.64983267,-1970.741455078125
287,0.044686925,1.0367645,0.64983267,-1968.7344970703125
288,0.044686925,1.0367645,0.64983267,-1969.3062744140625
289,0.044686925,1.0367645,0.64983267,-1971.260986328125
290,0.044686925,1.0367645,0.64983267,-1969.12548828125
291,0.044686925,1.0367645,0.64983267,-1970.6295166015625
292,0.044885155,1.0118158,0.6354911,-1971.9705810546875
293,0.044570517,0.99556977,0.6294698,-1973.34716796875
294,0.045043174,0.9858782,0.6295163,-1972.0865478515625
295,0.04529581,0.99466467,0.6260572,-1975.726318359375
296,0.044921856,0.99856895,0.62966377,-1973.4962158203125
297,0.044921856,0.99856895,0.62966377,-1973.4398193359375
298,0.044686962,0.99563015,0.63084835,-1975.776611328125
299,0.044686962,0.99563015,0.63084835,-1973.40966796875
300,0.044580977,0.9890858,0.6242265,-1974.4095458984375
301,0.04383382,0.9788254,0.62140125,-1974.1368408203125
302,0.04383382,0.9788254,0.62140125,-1974.5863037109375
303,0.043058045,0.98476803,0.6316836,-1972.7550048828125
304,0.042365443,1.0015988,0.62390697,-1972.0699462890625
305,0.04284544,1.0057281,0.62568706,-1971.2371826171875
306,0.042868063,1.0015761,0.6372229,-1971.802490234375
307,0.04303062,1.0237999,0.6484841,-1968.7696533203125
308,0.04341912,1.0181525,0.63436854,-1970.9942626953125
309,0.04341912,1.0181525,0.63436854,-1971.5350341796875
310,0.04341912,1.0181525,0.63436854,-1970.3759765625
311,0.04341912,1.0181525,0.63436854,-1970.8310546875
312,0.043383513,1.0223587,0.6556724,-1972.4686279296875
313,0.043383513,1.0223587,0.6556724,-1970.341796875
314,0.043383513,1.0223587,0.6556724,-1976.859130859375
315,0.043191265,1.0309098,0.65047896,-1969.5892333984375
316,0.043191265,1.0309098,0.65047896,-1966.817626953125
317,0.04381702,1.0376598,0.6586945,-1967.6837158203125
318,0.04381702,1.0376598,0.6586945,-1972.628662109375
319,0.043775856,1.0272225,0.64213336,-1971.00634765625
320,0.043775856,1.0272225,0.64213336,-1970.0692138671875
321,0.04393617,1.0165564,0.6453349,-1971.50537109375
322,0.04393617,1.0165564,0.6453349,-1970.6539306640625
323,0.043440137,1.0175997,0.64669186,-1967.8548583984375
324,0.043465685,1.0063384,0.6358259,-1970.4837646484375
325,0.043145776,1.026069,0.65404487,-1969.8125
326,0.043444075,1.0399257,0.6590026,-1969.664794921875
327,0.043444075,1.0399257,0.6590026,-1970.95458984375
328,0.043866772,1.0428948,0.65599096,-1968.473876953125
329,0.043866772,1.0428948,0.65599096,-1973.7362060546875
330,0.043866772,1.0428948,0.65599096,-1967.9549560546875
331,0.043866772,1.0428948,0.65599096,-1968.352783203125
332,0.043866772,1.0428948,0.65599096,-1967.507568359375
333,0.04382755,1.041324,0.66386193,-1969.8046875
334,0.04382755,1.041324,0.66386193,-1967.6253662109375
335,0.04304855,1.0330623,0.6481316,-1969.566162109375
336,0.04304855,1.0330623,0.6481316,-1968.859619140625
337,0.04319103,1.0360496,0.6435042,-1968.8619384765625
338,0.042876925,1.0401623,0.6448457,-1968.2347412109375
339,0.042876925,1.0401623,0.6448457,-1968.6026611328125
340,0.043192368,1.04678,0.6402783,-1968.921142578125
341,0.043192368,1.04678,0.6402783,-1968.7064208984375
342,0.04330476,1.0458341,0.6522871,-1968.3760986328125
343,0.04358409,1.0282239,0.6601706,-1969.0828857421875
344,0.044248607,1.0201533,0.6486111,-1974.2113037109375
345,0.044597983,1.0355916,0.6531346,-1970.7825927734375
346,0.04459475,1.0332322,0.65207344,-1970.047607421875
347,0.045895763,1.0348974,0.6551375,-1970.5933837890625
348,0.045895763,1.0348974,0.6551375,-1971.38720703125
349,0.045895763,1.0348974,0.6551375,-1969.04736328125
350,0.045895763,1.0348974,0.6551375,-1970.1925048828125
351,0.045895763,1.0348974,0.6551375,-1970.8724365234375
352,0.045703217,1.0237614,0.64655435,-1970.7156982421875
353,0.045255866,1.0346037,0.6446607,-1971.3155517578125
354,0.044910397,1.035984,0.63049614,-1975.1434326171875
355,0.044910397,1.035984,0.63049614,-1973.1329345703125
356,0.044876903,1.0470692,0.64072114,-1971.2392578125
357,0.04531202,1.0496582,0.64253354,-1972.162353515625
358,0.04519371,1.066954,0.6423557,-1971.5355224609375
359,0.04519371,1.066954,0.6423557,-1971.688232421875
360,0.045231733,1.062508,0.644471,-1970.6676025390625
361,0.044934325,1.0539751,0.6481711,-1970.312255859375
362,0.044934325,1.0539751,0.6481711,-1969.1187744140625
363,0.044934325,1.0539751,0.6481711,-1969.7261962890625
364,0.044934325,1.0539751,0.6481711,-1969.336181640625
365,0.043819055,1.0496835,0.6528838,-1969.9151611328125
366,0.043255933,1.0562017,0.6494254,-1968.4166259765625
367,0.04332131,1.0354123,0.6465622,-1968.638427734375
368,0.043662824,1.0356231,0.64233524,-1969.294677734375
369,0.04460548,1.0298994,0.64927393,-1969.63916015625
370,0.04530182,1.0346631,0.64903337,-1969.9814453125
371,0.04530182,1.0346631,0.64903337,-1970.667724609375
372,0.04530182,1.0346631,0.64903337,-1971.6231689453125
373,0.04530182,1.0346631,0.64903337,-1971.1112060546875
374,0.045131188,1.0418735,0.6490686,-1969.5819091796875
375,0.044701274,1.0470232,0.63843936,-1971.552001953125
376,0.044701274,1.0470232,0.63843936,-1971.4150390625
377,0.044701274,1.0470232,0.63843936,-1971.1751708984375
378,0.044826478,1.0497073,0.64405876,-1969.9202880859375
379,0.044946954,1.0523132,0.64654326,-1970.1624755859375
380,0.044946954,1.0523132,0.64654326,-1969.851806640625
381,0.044883016,1.0516963,0.64963096,-1970.2044677734375
382,0.044883016,1.0516963,0.64963096,-1969.675048828125
383,0.044883016,1.0516963,0.64963096,-1969.3846435546875
384,0.044883016,1.0516963,0.64963096,-1970.172607421875
385,0.044883016,1.0516963,0.64963096,-1969.9674072265625
386,0.04494655,1.0684152,0.6428125,-1971.1414794921875
387,0.04511192,1.057748,0.6552497,-1968.731201171875
388,0.04511192,1.057748,0.6552497,-1969.0950927734375
389,0.04511192,1.057748,0.6552497,-1970.2335205078125
390,0.04511192,1.057748,0.6552497,-1968.719482421875
391,0.04511192,1.057748,0.6552497,-1969.5589599609375
392,0.04511192,1.057748,0.6552497,-1969.1141357421875
393,0.04511192,1.057748,0.6552497,-1968.421630859375
394,0.04511192,1.057748,0.6552497,-1969.2379150390625
395,0.045495134,1.0449991,0.64413446,-1970.367919921875
396,0.04529343,1.0567478,0.6404406,-1971.0972900390625
397,0.04529343,1.0567478,0.6404406,-1971.55859375
398,0.04529343,1.0567478,0.6404406,-1971.120361328125
399,0.04560707,1.0610939,0.65324676,-1971.478271484375
400,0.04560707,1.0610939,0.65324676,-1969.829833984375
401,0.04560707,1.0610939,0.65324676,-1969.9000244140625
402,0.04560707,1.0610939,0.65324676,-1969.5482177734375
403,0.04560707,1.0610939,0.65324676,-1969.3076171875
404,0.045992937,1.056977,0.66868454,-1968.421630859375
405,0.045992937,1.056977,0.66868454,-1968.0233154296875
406,0.04614836,1.0647414,0.66228735,-1975.119873046875
407,0.04614836,1.0647414,0.66228735,-1968.7720947265625
408,0.04614836,1.0647414,0.66228735,-1970.5367431640625
409,0.046151217,1.0814011,0.6590603,-1970.396240234375
410,0.046764735,1.1050922,0.6648165,-1969.878173828125
411,0.047408834,1.1096364,0.6750565,-1968.9549560546875
412,0.047408834,1.1096364,0.6750565,-1967.6107177734375
413,0.047408834,1.1096364,0.6750565,-1967.938720703125
414,0.04739802,1.1223363,0.68590784,-1967.7703857421875
415,0.047279615,1.12367,0.6768858,-1968.249267578125
416,0.04728194,1.1088797,0.6740023,-1967.7794189453125
417,0.04739174,1.1284357,0.68002933,-1967.120361328125
418,0.04761606,1.12707,0.6805531,-1968.3521728515625
419,0.04747479,1.1267787,0.68037426,-1967.3740234375
420,0.04747479,1.1267787,0.68037426,-1966.1680908203125
421,0.047032487,1.1193607,0.68944734,-1965.77490234375
422,0.04827094,1.1314223,0.6851284,-1966.602294921875
423,0.04827094,1.1314223,0.6851284,-1966.08349609375
424,0.04838883,1.1371499,0.6781693,-1966.364501953125
425,0.04838883,1.1371499,0.6781693,-1968.144775390625
426,0.04901395,1.1334845,0.68725824,-1969.3416748046875
427,0.049135145,1.1358372,0.6815063,-1969.13525390625
428,0.049135145,1.1358372,0.6815063,-1967.1268310546875
429,0.049135145,1.1358372,0.6815063,-1968.2008056640625
430,0.049135145,1.1358372,0.6815063,-1968.35791015625
431,0.049135145,1.1358372,0.6815063,-1968.020751953125
432,0.049368374,1.1400774,0.6778668,-1968.3890380859375
433,0.049949635,1.141387,0.67943776,-1970.2144775390625
434,0.050831478,1.1323566,0.67419845,-1970.62158203125
435,0.050831478,1.1323566,0.67419845,-1971.562255859375
436,0.050831478,1.1323566,0.67419845,-1970.9063720703125
437,0.05203938,1.1208179,0.6769071,-1971.9154052734375
438,0.05203938,1.1208179,0.6769071,-1972.256591796875
439,0.05203938,1.1208179,0.6769071,-1972.8988037109375
440,0.05202808,1.1077766,0.68046546,-1970.6910400390625
441,0.05157448,1.1159484,0.67306757,-1973.613037109375
442,0.05157448,1.1159484,0.67306757,-1974.2203369140625
443,0.05157448,1.1159484,0.67306757,-1973.191650390625
444,0.051411882,1.1353353,0.67123646,-1973.406982421875
445,0.050977275,1.1599052,0.6808529,-1970.0936279296875
446,0.05000794,1.1604762,0.70258725,-1969.056396484375
447,0.05000794,1.1604762,0.70258725,-1976.9915771484375
448,0.05000794,1.1604762,0.70258725,-1967.193359375
449,0.04966864,1.164066,0.70733607,-1972.5526123046875
450,0.04966864,1.164066,0.70733607,-1974.1185302734375
451,0.04966864,1.164066,0.70733607,-1968.8094482421875
452,0.04966864,1.164066,0.70733607,-1967.765380859375
453,0.050138332,1.1612103,0.705657,-1973.138916015625
454,0.05034624,1.1734141,0.69349736,-1966.7939453125
455,0.05030565,1.1699866,0.6989407,-1966.787353515625
456,0.05030565,1.1699866,0.6989407,-1966.342041015625
457,0.04945092,1.1844711,0.68999296,-1967.6146240234375
458,0.04945092,1.1844711,0.68999296,-1967.505615234375
459,0.049312476,1.2019058,0.6806233,-1968.3603515625
460,0.049341343,1.1929069,0.6783868,-1969.77685546875
461,0.050075766,1.1739126,0.6781343,-1969.796875
462,0.049578983,1.1771199,0.6782668,-1969.5335693359375
463,0.049641848,1.1769052,0.6823566,-1968.7940673828125
464,0.050165355,1.1817995,0.6889087,-1967.7049560546875
465,0.050667387,1.1692883,0.6881257,-1968.1376953125
466,0.050667387,1.1692883,0.6881257,-1967.8616943359375
467,0.050095282,1.1747222,0.67895144,-1969.0216064453125
468,0.050095282,1.1747222,0.67895144,-1970.026611328125
469,0.050095282,1.1747222,0.67895144,-1969.492431640625
470,0.049889423,1.1582975,0.68116325,-1969.3831787109375
471,0.049889423,1.1582975,0.68116325,-1968.2464599609375
472,0.04995659,1.1529248,0.6955169,-1968.6707763671875
473,0.04937638,1.1626863,0.68359196,-1968.1060791015625
474,0.049421087,1.1673199,0.68473583,-1968.5897216796875
475,0.049421087,1.1673199,0.68473583,-1966.36572265625
476,0.049421087,1.1673199,0.68473583,-1967.8629150390625
477,0.049976233,1.2031678,0.69211936,-1966.5948486328125
478,0.049417023,1.1751469,0.6908875,-1966.8072509765625
479,0.049417023,1.1751469,0.6908875,-1965.19091796875
480,0.04931004,1.1877172,0.6980205,-1965.862060546875
481,0.04989555,1.2058539,0.69904685,-1965.3006591796875
482,0.049827978,1.2043475,0.70824385,-1964.6309814453125
483,0.049827978,1.2043475,0.70824385,-1967.374267578125
484,0.04993901,1.2241861,0.7188514,-1971.0487060546875
485,0.04993901,1.2241861,0.7188514,-1975.0172119140625
486,0.05069837,1.2449377,0.7059716,-1965.067626953125
487,0.049558006,1.2511554,0.70255774,-1965.0028076171875
488,0.049558006,1.2511554,0.70255774,-1964.3697509765625
489,0.049558006,1.2511554,0.70255774,-1964.6527099609375
490,0.04962502,1.2459772,0.7084755,-1963.55224609375
491,0.04940749,1.2498019,0.71166366,-1963.764404296875
492,0.048284065,1.2462908,0.7317272,-1963.843994140625
493,0.048279412,1.2354292,0.7271116,-1974.030517578125
494,0.048279412,1.2354292,0.7271116,-1970.860107421875
495,0.048711028,1.2309519,0.721405,-1966.2635498046875
496,0.048660003,1.221792,0.7138656,-1963.228515625
497,0.048660003,1.221792,0.7138656,-1962.574462890625
498,0.048039243,1.2170273,0.71734214,-1962.76611328125
499,0.047981013,1.2409071,0.71448296,-1964.6651611328125
500,0.047991324,1.2667797,0.701511,-1964.1795654296875
501,0.048243936,1.2477907,0.7038653,-1963.03662109375
502,0.048243936,1.2477907,0.7038653,-1963.36962890625
503,0.04817762,1.2584586,0.7124641,-1964.092529296875
504,0.047440756,1.2602048,0.70807534,-1963.9151611328125
505,0.047440756,1.2602048,0.70807534,-1963.1114501953125
506,0.047157142,1.2633516,0.72199243,-1961.6549072265625
507,0.047157142,1.2633516,0.72199243,-1963.9307861328125
508,0.047564376,1.2554694,0.71185946,-1962.0162353515625
509,0.047564376,1.2554694,0.71185946,-1961.0467529296875
510,0.047564376,1.2554694,0.71185946,-1962.574951171875
511,0.047211703,1.2442228,0.7212356,-1963.267578125
512,0.047211703,1.2442228,0.7212356,-1961.3515625
513,0.047150195,1.238045,0.7208299,-1960.74951171875
514,0.047150195,1.238045,0.7208299,-1963.172607421875
515,0.047150195,1.238045,0.7208299,-1961.044921875
516,0.04672589,1.2370129,0.7243882,-1965.118408203125
517,0.04672589,1.2370129,0.7243882,-1962.7645263671875
518,0.04672589,1.2370129,0.7243882,-1965.0731201171875
519,0.04672589,1.2370129,0.7243882,-1961.782958984375
520,0.046926886,1.2454394,0.71374935,-1963.30908203125
521,0.046002313,1.2462265,0.7131349,-1963.4429931640625
522,0.046002313,1.2462265,0.7131349,-1962.7333984375
523,0.046002313,1.2462265,0.7131349,-1961.68896484375
524,0.046002313,1.2462265,0.7131349,-1964.412841796875
525,0.045837376,1.2515135,0.6977241,-1963.7572021484375
526,0.04616194,1.2698466,0.7017075,-1963.258056640625
527,0.04616194,1.2698466,0.7017075,-1963.4610595703125
528,0.04643453,1.2778164,0.6991779,-1963.7047119140625
529,0.04643453,1.2778164,0.6991779,-1963.4095458984375
530,0.046203326,1.2748586,0.70783806,-1961.92333984375
531,0.046203326,1.2748586,0.70783806,-1962.5963134765625
532,0.04622101,1.2850882,0.71070755,-1961.916015625
533,0.04622101,1.2850882,0.71070755,-1961.7274169921875
534,0.04622101,1.2850882,0.71070755,-1962.030517578125
535,0.04622101,1.2850882,0.71070755,-1961.9583740234375
536,0.04575237,1.2931215,0.7196105,-1963.7598876953125
537,0.045224663,1.307466,0.72030413,-1960.72021484375
538,0.045224663,1.307466,0.72030413,-1961.7344970703125
539,0.045224663,1.307466,0.72030413,-1962.012939453125
540,0.04589644,1.3135264,0.7265102,-1960.942138671875
541,0.04565681,1.3184029,0.7247029,-1961.8873291015625
542,0.04560482,1.329145,0.7228512,-1961.9779052734375
543,0.045317292,1.3230296,0.72478735,-1962.178466796875
544,0.045028806,1.3390461,0.7244388,-1960.9483642578125
545,0.045028806,1.3390461,0.7244388,-1960.9945068359375
546,0.04502796,1.320091,0.72449666,-1961.179931640625
547,0.04502796,1.320091,0.72449666,-1961.725341796875
548,0.04502796,1.320091,0.72449666,-1961.0819091796875
549,0.04543086,1.3192433,0.7218805,-1961.629150390625
550,0.045421146,1.3248835,0.72410965,-1961.3917236328125
551,0.04525043,1.312318,0.7326627,-1962.0093994140625
552,0.04587935,1.328792,0.7339665,-1961.8521728515625
553,0.04587935,1.328792,0.7339665,-1961.9427490234375
554,0.045974188,1.3207346,0.72793424,-1961.527587890625
555,0.04671342,1.3306183,0.72646844,-1961.1424560546875
556,0.048093047,1.3521498,0.7375066,-1961.0350341796875
557,0.047181163,1.3412913,0.7298346,-1961.4815673828125
558,0.047021452,1.3390986,0.7303756,-1961.4351806640625
559,0.047021452,1.3390986,0.7303756,-1960.330078125
560,0.04672083,1.3660686,0.7284193,-1961.0057373046875
561,0.04672083,1.3660686,0.7284193,-1961.270263671875
562,0.047151733,1.3536822,0.74336946,-1961.51318359375
563,0.047151733,1.3536822,0.74336946,-1961.28515625
564,0.046430364,1.367579,0.73912436,-1960.0484619140625
565,0.046430364,1.367579,0.73912436,-1963.36962890625
566,0.04719309,1.3686451,0.7306328,-1960.069091796875
567,0.04719309,1.3686451,0.7306328,-1960.706298828125
568,0.04701392,1.3717895,0.7390645,-1962.8253173828125
569,0.047121674,1.3441179,0.73117805,-1961.195556640625
570,0.04730211,1.362209,0.7276151,-1960.39453125
571,0.04713337,1.390539,0.7237322,-1961.4610595703125
572,0.04757506,1.3970349,0.7243321,-1962.589599609375
573,0.047225256,1.3738178,0.73417693,-1960.7308349609375
574,0.04653663,1.3984011,0.7446281,-1959.8177490234375
575,0.04653663,1.3984011,0.7446281,-1960.780517578125
576,0.04653663,1.3984011,0.7446281,-1959.9921875
577,0.046994902,1.3998429,0.7410233,-1960.2637939453125
578,0.046994902,1.3998429,0.7410233,-1960.278076171875
579,0.04785659,1.383576,0.7379222,-1961.0101318359375
580,0.04814358,1.3900715,0.7332608,-1960.7987060546875
581,0.04849555,1.3872303,0.72314394,-1962.29248046875
582,0.04849555,1.3872303,0.72314394,-1962.47900390625
583,0.048111707,1.3778883,0.73829895,-1960.9019775390625
584,0.048111707,1.3778883,0.73829895,-1960.197998046875
585,0.047807403,1.4061757,0.74062824,-1959.581787109375
586,0.04788525,1.3935893,0.726985,-1961.6614990234375
587,0.047349047,1.401479,0.73389494,-1960.897216796875
588,0.04732651,1.4002626,0.74918526,-1960.59716796875
589,0.04732651,1.4002626,0.74918526,-1961.121826171875
590,0.047055513,1.4149141,0.75905174,-1961.6141357421875
591,0.047172863,1.4044821,0.7536153,-1960.75390625
592,0.047172863,1.4044821,0.7536153,-1962.8792724609375
593,0.04761354,1.3992735,0.7486711,-1961.500244140625
594,0.048013505,1.3826323,0.75561804,-1962.7620849609375
595,0.04870089,1.3715281,0.75867325,-1968.642822265625
596,0.048828825,1.3712462,0.7574971,-1960.940185546875
597,0.04904126,1.3727747,0.7440674,-1964.2850341796875
598,0.04904126,1.3727747,0.7440674,-1960.330078125
599,0.04904126,1.3727747,0.7440674,-1961.6939697265625
600,0.049696073,1.4029131,0.7492413,-1959.9559326171875
601,0.050471053,1.4060762,0.74614483,-1959.4256591796875
602,0.050471053,1.4060762,0.74614483,-1960.5157470703125
603,0.0502501,1.3997289,0.73278445,-1961.488037109375
604,0.049985684,1.3855385,0.73172724,-1961.5838623046875
605,0.050014056,1.4006997,0.73694104,-1960.7308349609375
606,0.050511476,1.3728746,0.7344281,-1960.5445556640625
607,0.050592206,1.3891209,0.7357259,-1960.843994140625
608,0.051236752,1.3817225,0.73009557,-1961.5888671875
609,0.050936583,1.3677894,0.73652065,-1960.76611328125
610,0.050936583,1.3677894,0.73652065,-1960.9144287109375
611,0.05029312,1.400723,0.7462627,-1960.3526611328125
612,0.05119372,1.3990232,0.74142265,-1961.1158447265625
613,0.05119372,1.3990232,0.74142265,-1960.8636474609375
614,0.051560793,1.4013914,0.73655814,-1961.4925537109375
615,0.05140241,1.414935,0.7442096,-1960.3560791015625
616,0.05140241,1.414935,0.7442096,-1959.4638671875
617,0.05165783,1.4041679,0.75167817,-1960.349609375
618,0.05135635,1.4238638,0.7587777,-1960.8876953125
619,0.05135635,1.4238638,0.7587777,-1961.8104248046875
620,0.05079958,1.4373617,0.76562023,-1962.0069580078125
621,0.05079958,1.4373617,0.76562023,-1960.274169921875
622,0.05143677,1.4461232,0.7639038,-1963.90771484375
623,0.05126605,1.4462672,0.7538393,-1960.210693359375
624,0.05126605,1.4462672,0.7538393,-1960.1240234375
625,0.050794967,1.438873,0.7412149,-1960.5106201171875
626,0.050794967,1.438873,0.7412149,-1960.5474853515625
627,0.050794967,1.438873,0.7412149,-1960.671875
628,0.050706614,1.4529622,0.74326766,-1960.2398681640625
629,0.050706614,1.4529622,0.74326766,-1960.660400390625
630,0.051354464,1.4480841,0.7449308,-1960.562255859375
631,0.051408257,1.4543662,0.7605468,-1960.338623046875
632,0.051408257,1.4543662,0.7605468,-1959.517822265625
633,0.05155564,1.4469599,0.7560937,-1959.20654296875
634,0.05155564,1.4469599,0.7560937,-1959.7518310546875
635,0.05155564,1.4469599,0.7560937,-1960.63623046875
636,0.05155564,1.4469599,0.7560937,-1962.530029296875
637,0.05155564,1.4469599,0.7560937,-1960.193115234375
638,0.051852345,1.4575076,0.7473271,-1959.748046875
639,0.051942237,1.4382,0.74357927,-1960.2188720703125
640,0.051911656,1.4425397,0.75515646,-1959.6153564453125
641,0.051986307,1.46183,0.7604423,-1960.0531005859375
642,0.051986307,1.46183,0.7604423,-1959.664794921875
643,0.051986307,1.46183,0.7604423,-1959.9984130859375
644,0.05193124,1.4729924,0.7502565,-1959.6754150390625
645,0.05193124,1.4729924,0.7502565,-1959.7901611328125
646,0.05204237,1.4749815,0.75049525,-1959.6707763671875
647,0.05204237,1.4749815,0.75049525,-1959.6419677734375
648,0.05204237,1.4749815,0.75049525,-1960.158203125
649,0.05204237,1.4749815,0.75049525,-1960.4215087890625
650,0.05204237,1.4749815,0.75049525,-1960.1025390625
651,0.051524762,1.4715804,0.7446014,-1960.769775390625
652,0.051524762,1.4715804,0.7446014,-1960.359619140625
653,0.051202815,1.4351835,0.73939186,-1960.7464599609375
654,0.05182046,1.4257162,0.74983484,-1960.10302734375
655,0.051999,1.4147403,0.74646527,-1959.5809326171875
656,0.05173891,1.4186051,0.7554034,-1960.0731201171875
657,0.051352933,1.4514985,0.7576523,-1958.9849853515625
658,0.051225636,1.46483,0.764365,-1961.0811767578125
659,0.051211994,1.4499503,0.7612078,-1959.3826904296875
660,0.051211994,1.4499503,0.7612078,-1961.1527099609375
661,0.051211994,1.4499503,0.7612078,-1958.91455078125
662,0.051211994,1.4499503,0.7612078,-1960.8255615234375
663,0.051211994,1.4499503,0.7612078,-1959.838134765625
664,0.051107474,1.4353473,0.7487766,-1959.2686767578125
665,0.051107474,1.4353473,0.7487766,-1959.763671875
666,0.051107474,1.4353473,0.7487766,-1959.6964111328125
667,0.051107474,1.4353473,0.7487766,-1959.523193359375
668,0.051287398,1.4482721,0.7469363,-1960.087646484375
669,0.050328743,1.4141406,0.73458296,-1960.9581298828125
670,0.050328743,1.4141406,0.73458296,-1962.0345458984375
671,0.05072759,1.4145579,0.7435093,-1959.6529541015625
672,0.05102365,1.4054052,0.7417146,-1960.184814453125
673,0.051289685,1.4155704,0.7440478,-1959.6661376953125
674,0.050436925,1.4197017,0.7506473,-1959.153076171875
675,0.050436925,1.4197017,0.7506473,-1959.2745361328125
676,0.050436925,1.4197017,0.7506473,-1960.98095703125
677,0.050436925,1.4197017,0.7506473,-1960.7584228515625
678,0.051216003,1.4233218,0.74974144,-1960.1925048828125
679,0.051313866,1.4165877,0.74880874,-1960.032958984375
680,0.051476274,1.4164206,0.7496579,-1960.3055419921875
681,0.051147543,1.4298265,0.75929433,-1960.2158203125
682,0.05056775,1.4296837,0.75935143,-1962.42529296875
683,0.05056775,1.4296837,0.75935143,-1960.510009765625
684,0.05056775,1.4296837,0.75935143,-1959.3455810546875
685,0.05056775,1.4296837,0.75935143,-1961.15478515625
686,0.05056775,1.4296837,0.75935143,-1960.74658203125
687,0.05056775,1.4296837,0.75935143,-1964.4677734375
688,0.05056775,1.4296837,0.75935143,-1961.0513916015625
689,0.050965253,1.4128705,0.760772,-1961.212890625
690,0.050965253,1.4128705,0.760772,-1964.1077880859375
691,0.050995678,1.4088087,0.75396144,-1960.723876953125
692,0.050995678,1.4088087,0.75396144,-1962.048095703125
693,0.050995678,1.4088087,0.75396144,-1962.024658203125
694,0.051112358,1.4221737,0.7461899,-1959.3642578125
695,0.051112358,1.4221737,0.7461899,-1959.389892578125
696,0.0514823,1.4237282,0.7586451,-1959.1256103515625
697,0.0514823,1.4237282,0.7586451,-1959.09619140625
698,0.051770326,1.4591397,0.75948334,-1960.187255859375
699,0.051770326,1.4591397,0.75948334,-1959.681396484375
700,0.051770326,1.4591397,0.75948334,-1959.636962890625
701,0.052457623,1.4824088,0.75346553,-1959.55712890625
702,0.051778767,1.4929354,0.7545234,-1959.581787109375
703,0.052037854,1.4874951,0.7603495,-1958.869384765625
704,0.05182044,1.4813373,0.7574546,-1959.1329345703125
705,0.05162468,1.4873031,0.76379764,-1958.87158203125
706,0.05162468,1.4873031,0.76379764,-1960.3890380859375
707,0.05262654,1.5050677,0.7543963,-1959.2230224609375
708,0.05262654,1.5050677,0.7543963,-1959.769775390625
709,0.05262654,1.5050677,0.7543963,-1959.11083984375
710,0.051546548,1.5137488,0.7515025,-1961.0462646484375
711,0.050972983,1.5035852,0.75680226,-1959.292724609375
712,0.050972983,1.5035852,0.75680226,-1959.0467529296875
713,0.050831903,1.4809767,0.7660702,-1961.808837890625
714,0.05135238,1.5042322,0.7577492,-1960.20703125
715,0.05135238,1.5042322,0.7577492,-1958.7979736328125
716,0.051143236,1.5026408,0.7667323,-1959.3353271484375
717,0.05063951,1.5129889,0.76518893,-1959.7857666015625
718,0.050367408,1.4990954,0.77341926,-1961.520263671875
719,0.050367408,1.4990954,0.77341926,-1964.1422119140625
720,0.050367408,1.4990954,0.77341926,-1965.0516357421875
721,0.05023913,1.4968762,0.7716269,-1960.8529052734375
722,0.05023913,1.4968762,0.7716269,-1964.73046875
723,0.04983482,1.4797198,0.7635388,-1960.4481201171875
724,0.04983482,1.4797198,0.7635388,-1959.646240234375
725,0.049125575,1.5056869,0.7581698,-1960.1219482421875
726,0.04931601,1.5265493,0.75315696,-1960.293212890625
727,0.049429476,1.5242528,0.74727696,-1961.992431640625
728,0.049648155,1.520204,0.75610965,-1960.074462890625
729,0.049648155,1.520204,0.75610965,-1961.0667724609375
730,0.050056323,1.5425098,0.7571439,-1959.640869140625
731,0.05067682,1.5237962,0.75611436,-1959.6865234375
732,0.050822087,1.5209944,0.7699251,-1959.196533203125
733,0.05119903,1.5362405,0.76907283,-1959.05126953125
734,0.05119903,1.5362405,0.76907283,-1958.678466796875
735,0.05119903,1.5362405,0.76907283,-1959.0355224609375
736,0.05105099,1.5380679,0.7565793,-1960.1739501953125
737,0.051445343,1.5344903,0.760293,-1959.40380859375
738,0.051591694,1.5425305,0.7739241,-1959.43212890625
739,0.051986776,1.5165945,0.77011395,-1959.4471435546875
740,0.051986776,1.5165945,0.77011395,-1960.107421875
741,0.051986776,1.5165945,0.77011395,-1959.2569580078125
742,0.051986776,1.5165945,0.77011395,-1964.282470703125
743,0.051986776,1.5165945,0.77011395,-1959.519287109375
744,0.052021977,1.5330492,0.77491117,-1959.27001953125
745,0.052021977,1.5330492,0.77491117,-1960.843017578125
746,0.05133397,1.5699028,0.7695791,-1959.216796875
747,0.051523853,1.5805465,0.77287984,-1959.1568603515625
748,0.050951354,1.6027164,0.7757531,-1960.09619140625
749,0.050951354,1.6027164,0.7757531,-1959.599365234375
750,0.050951354,1.6027164,0.7757531,-1959.30517578125
751,0.051421728,1.6160395,0.78273153,-1959.7822265625
752,0.051421728,1.6160395,0.78273153,-1960.1439208984375
753,0.051421728,1.6160395,0.78273153,-1960.295654296875
754,0.051421728,1.6160395,0.78273153,-1961.142822265625
755,0.051421728,1.6160395,0.78273153,-1958.5233154296875
756,0.05010948,1.640367,0.7789713,-1959.6015625
757,0.05010948,1.640367,0.7789713,-1959.486328125
758,0.050662447,1.6612434,0.7763233,-1960.488525390625
759,0.05062901,1.6278393,0.76745856,-1960.1328125
760,0.049530186,1.6424295,0.7792749,-1961.4427490234375
761,0.04907191,1.6351072,0.77303165,-1961.2235107421875
762,0.049220607,1.6356051,0.7687084,-1961.4521484375
763,0.049378674,1.6324921,0.7628267,-1962.3878173828125
764,0.049625292,1.6253709,0.7661998,-1961.0771484375
765,0.050593533,1.6323982,0.77009577,-1960.10791015625
766,0.050593533,1.6323982,0.77009577,-1960.491943359375
767,0.050225656,1.6469115,0.7555299,-1963.5428466796875
768,0.050170507,1.6047927,0.75534326,-1962.4737548828125
769,0.050170507,1.6047927,0.75534326,-1963.2174072265625
770,0.05008558,1.6049668,0.7514042,-1963.2823486328125
771,0.049803987,1.6366359,0.7614635,-1962.82421875
772,0.049803987,1.6366359,0.7614635,-1961.890380859375
773,0.049336545,1.6481315,0.76147103,-1962.134765625
774,0.049336545,1.6481315,0.76147103,-1962.0567626953125
775,0.050160773,1.6224343,0.7751578,-1959.6693115234375
776,0.050357506,1.6309304,0.7812627,-1960.624755859375
777,0.049957544,1.6135315,0.77091974,-1960.744873046875
778,0.050040346,1.6128538,0.7695385,-1959.759765625
779,0.04984663,1.5976894,0.7809622,-1960.2830810546875
780,0.04984663,1.5976894,0.7809622,-1960.7120361328125
781,0.05049692,1.6136936,0.77423894,-1960.0380859375
782,0.05049692,1.6136936,0.77423894,-1960.0208740234375
783,0.05049692,1.6136936,0.77423894,-1959.338623046875
784,0.05049692,1.6136936,0.77423894,-1960.2196044921875
785,0.050628815,1.600668,0.78237545,-1961.115478515625
786,0.05046978,1.5801721,0.7727059,-1960.3843994140625
787,0.05046978,1.5801721,0.7727059,-1959.941162109375
788,0.05073976,1.5648698,0.7553565,-1962.1602783203125
789,0.051457204,1.5395275,0.7476341,-1961.12060546875
790,0.05201854,1.5458863,0.7530477,-1960.89892578125
791,0.05201854,1.5458863,0.7530477,-1961.0347900390625
792,0.05201854,1.5458863,0.7530477,-1960.9288330078125
793,0.05201854,1.5458863,0.7530477,-1960.9432373046875
794,0.05201854,1.5458863,0.7530477,-1961.1138916015625
795,0.05201854,1.5458863,0.7530477,-1960.5858154296875
796,0.05108496,1.5539883,0.7518749,-1961.5621337890625
797,0.051541187,1.565275,0.7523385,-1962.1285400390625
798,0.051832877,1.5516156,0.74687165,-1962.3477783203125
799,0.051832877,1.5516156,0.74687165,-1962.8436279296875
800,0.051832877,1.5516156,0.74687165,-1962.39111328125
801,0.051832877,1.5516156,0.74687165,-1962.7408447265625
802,0.05117947,1.5622168,0.7577543,-1961.1680908203125
803,0.051575698,1.5987893,0.76099354,-1960.7161865234375
804,0.051575698,1.5987893,0.76099354,-1960.942138671875
805,0.051483404,1.5720172,0.7747182,-1960.0413818359375
806,0.050690413,1.563872,0.76330113,-1960.0430908203125
807,0.050690413,1.563872,0.76330113,-1959.4129638671875
808,0.050808497,1.584203,0.7792771,-1959.6141357421875
809,0.051327925,1.5890757,0.7812105,-1959.034423828125
810,0.051327925,1.5890757,0.7812105,-1961.5958251953125
811,0.051327925,1.5890757,0.7812105,-1959.955322265625
812,0.051327925,1.5890757,0.7812105,-1961.3348388671875
813,0.051055007,1.5860769,0.7754237,-1959.9644775390625
814,0.050908346,1.5544933,0.766664,-1959.4822998046875
815,0.050535064,1.5370886,0.7769209,-1960.6514892578125
816,0.050535064,1.5370886,0.7769209,-1959.3387451171875
817,0.050535064,1.5370886,0.7769209,-1960.4197998046875
818,0.04968919,1.5567791,0.7742979,-1960.714599609375
819,0.04968919,1.5567791,0.7742979,-1960.4473876953125
820,0.048930667,1.5498899,0.7704035,-1960.84716796875
821,0.048930667,1.5498899,0.7704035,-1960.6361083984375
822,0.048733342,1.5536157,0.767422,-1960.6986083984375
823,0.049113616,1.5569042,0.7733319,-1960.64990234375
824,0.049113616,1.5569042,0.7733319,-1959.9228515625
825,0.04940238,1.5344435,0.75480056,-1961.260986328125
826,0.048934992,1.549337,0.76402724,-1960.3934326171875
827,0.049163453,1.5668826,0.7682792,-1961.7371826171875
828,0.049163453,1.5668826,0.7682792,-1960.0177001953125
829,0.049163453,1.5668826,0.7682792,-1959.3199462890625
830,0.049163453,1.5668826,0.7682792,-1960.022705078125
831,0.049163453,1.5668826,0.7682792,-1960.896240234375
832,0.049355052,1.6013349,0.7740526,-1960.974365234375
833,0.05058174,1.5943682,0.759312,-1961.123779296875
834,0.05092329,1.5870612,0.7487343,-1963.05029296875
835,0.05092329,1.5870612,0.7487343,-1963.2093505859375
836,0.051057003,1.5843608,0.7523868,-1961.868896484375
837,0.051057003,1.5843608,0.7523868,-1963.3411865234375
838,0.051057003,1.5843608,0.7523868,-1962.2454833984375
839,0.05097409,1.5930786,0.7484904,-1963.8663330078125
840,0.05097409,1.5930786,0.7484904,-1962.9921875
841,0.05145784,1.5713434,0.7571473,-1959.867919921875
842,0.05145784,1.5713434,0.7571473,-1960.0972900390625
843,0.050896917,1.5579813,0.75346446,-1961.208984375
844,0.05021293,1.5407954,0.75270903,-1960.680419921875
845,0.05021293,1.5407954,0.75270903,-1959.8992919921875
846,0.05073105,1.5288597,0.75344366,-1960.188720703125
847,0.050785583,1.5442368,0.7581313,-1960.371337890625
848,0.05135891,1.5171046,0.7486894,-1960.7713623046875
849,0.05135891,1.5171046,0.7486894,-1961.9722900390625
850,0.051777016,1.5294851,0.7532776,-1960.4310302734375
851,0.051290542,1.533326,0.7535562,-1959.8841552734375
852,0.050964855,1.5291276,0.75904906,-1958.723876953125
853,0.050964855,1.5291276,0.75904906,-1959.2696533203125
854,0.05068808,1.5192457,0.76222193,-1959.1390380859375
855,0.05068808,1.5192457,0.76222193,-1960.0703125
856,0.05068808,1.5192457,0.76222193,-1959.26123046875
857,0.05118437,1.5003507,0.7648299,-1960.53173828125
858,0.051322296,1.5085826,0.7560725,-1960.0516357421875
859,0.051322296,1.5085826,0.7560725,-1959.367919921875
860,0.051292755,1.4949225,0.75671387,-1959.65966796875
861,0.05033177,1.4802104,0.7450389,-1960.9931640625
862,0.05033177,1.4802104,0.7450389,-1961.2021484375
863,0.05033177,1.4802104,0.7450389,-1961.4052734375
864,0.050534423,1.5003824,0.7511425,-1960.2994384765625
865,0.050534423,1.5003824,0.7511425,-1959.571533203125
866,0.050824933,1.5204383,0.75695544,-1960.3092041015625
867,0.05046475,1.5170108,0.75584334,-1959.77197265625
868,0.05046475,1.5170108,0.75584334,-1960.2005615234375
869,0.05046475,1.5170108,0.75584334,-1959.086181640625
870,0.050396204,1.5124141,0.74699587,-1960.3515625
871,0.049787506,1.4985144,0.7636351,-1959.4832763671875
872,0.049659237,1.501804,0.7571038,-1960.084716796875
873,0.0492687,1.525098,0.75349426,-1960.20263671875
874,0.049603198,1.5187534,0.75650847,-1959.3214111328125
875,0.04966357,1.5066327,0.76136285,-1960.9908447265625
876,0.04966357,1.5066327,0.76136285,-1960.3729248046875
877,0.04966357,1.5066327,0.76136285,-1960.0882568359375
878,0.04966357,1.5066327,0.76136285,-1959.113525390625
879,0.049883727,1.4751348,0.76217955,-1959.3953857421875
880,0.049883727,1.4751348,0.76217955,-1959.9234619140625
881,0.050103664,1.4675697,0.7591576,-1960.1309814453125
882,0.05038938,1.4496672,0.75592875,-1960.338134765625
883,0.050380345,1.4510769,0.751974,-1959.6348876953125
884,0.050380345,1.4510769,0.751974,-1959.78662109375
885,0.050687876,1.4451983,0.7501026,-1959.4571533203125
886,0.049668677,1.44031,0.75167125,-1959.5638427734375
887,0.05037191,1.4264255,0.75711423,-1960.82177734375
888,0.050622094,1.4216741,0.74612266,-1960.0003662109375
889,0.050622094,1.4216741,0.74612266,-1960.19921875
890,0.050423063,1.4068137,0.756356,-1959.6103515625
891,0.050237563,1.4186993,0.73626125,-1961.4765625
892,0.050237563,1.4186993,0.73626125,-1960.8013916015625
893,0.050237563,1.4186993,0.73626125,-1961.357421875
894,0.050123297,1.418099,0.7400224,-1960.2529296875
895,0.050123297,1.418099,0.7400224,-1960.4927978515625
896,0.04991694,1.4302456,0.7472814,-1960.03369140625
897,0.049925253,1.42285,0.7572962,-1959.60009765625
898,0.049379677,1.446698,0.74983823,-1960.0335693359375
899,0.049771983,1.4424766,0.7429304,-1960.2113037109375
900,0.048823506,1.4568256,0.75279677,-1960.17138671875
901,0.049319834,1.4515904,0.74974656,-1960.052734375
902,0.04846529,1.4511914,0.7461459,-1959.7208251953125
903,0.04846529,1.4511914,0.7461459,-1960.77978515625
904,0.04873942,1.4484968,0.74503237,-1960.396728515625
905,0.04873942,1.4484968,0.74503237,-1959.20361328125
906,0.04898422,1.4426997,0.74154013,-1960.6397705078125
907,0.048723675,1.433288,0.74786294,-1959.699462890625
908,0.049087558,1.4323343,0.76057094,-1961.033203125
909,0.049532868,1.4246451,0.7567603,-1960.6114501953125
910,0.049881514,1.412713,0.74478424,-1959.7437744140625
911,0.049881514,1.412713,0.74478424,-1959.74462890625
912,0.049881514,1.412713,0.74478424,-1959.670166015625
913,0.050108965,1.4167229,0.737937,-1961.0408935546875
914,0.05021814,1.4060638,0.75171787,-1959.807373046875
915,0.05021814,1.4060638,0.75171787,-1961.039306640625
916,0.05005847,1.4036969,0.7436453,-1960.3431396484375
917,0.050623734,1.3829551,0.73873925,-1961.34130859375
918,0.051095244,1.3983153,0.74610883,-1961.04931640625
919,0.0504404,1.3975725,0.74192643,-1960.4273681640625
920,0.05079933,1.4202207,0.74009544,-1961.0091552734375
921,0.05079933,1.4202207,0.74009544,-1959.7564697265625
922,0.051693015,1.4339839,0.74803257,-1959.4935302734375
923,0.051693015,1.4339839,0.74803257,-1959.4559326171875
924,0.051693015,1.4339839,0.74803257,-1960.1002197265625
925,0.051485725,1.4337157,0.7550551,-1958.8770751953125
926,0.051485725,1.4337157,0.7550551,-1958.807373046875
927,0.051485725,1.4337157,0.7550551,-1959.2908935546875
928,0.050719164,1.4364952,0.74728537,-1960.44189453125
929,0.050366063,1.440251,0.7462158,-1960.0164794921875
930,0.050349787,1.4296777,0.7462852,-1959.0164794921875
931,0.050349787,1.4296777,0.7462852,-1960.470458984375
932,0.050461043,1.4467674,0.7402559,-1960.5360107421875
933,0.04975483,1.4280859,0.7310178,-1962.4189453125
934,0.0492083,1.4196689,0.72806674,-1961.9500732421875
935,0.0492083,1.4196689,0.72806674,-1962.7578125
936,0.050227385,1.3988384,0.7319371,-1961.1749267578125
937,0.0500067,1.3980191,0.7401666,-1960.8648681640625
938,0.0500067,1.3980191,0.7401666,-1960.242431640625
939,0.0500067,1.3980191,0.7401666,-1960.1685791015625
940,0.04976279,1.3878342,0.7340333,-1960.0208740234375
941,0.04976279,1.3878342,0.7340333,-1961.51318359375
942,0.04976279,1.3878342,0.7340333,-1962.263671875
943,0.04976279,1.3878342,0.7340333,-1960.8809814453125
944,0.049864475,1.4039112,0.7283366,-1961.553466796875
945,0.049864475,1.4039112,0.7283366,-1962.4244384765625
946,0.049864475,1.4039112,0.7283366,-1962.0684814453125
947,0.0490776,1.3865994,0.73866004,-1960.0408935546875
948,0.04857363,1.3876631,0.7363666,-1960.9599609375
949,0.04949964,1.3737441,0.7426065,-1960.3724365234375
950,0.049648166,1.3763624,0.7347656,-1960.271728515625
951,0.049083814,1.3747402,0.7298373,-1961.8033447265625
952,0.049083814,1.3747402,0.7298373,-1960.80224609375
953,0.049083814,1.3747402,0.7298373,-1961.4295654296875
954,0.049091548,1.3713043,0.72280174,-1961.486328125
955,0.049378708,1.3514168,0.7233356,-1961.430419921875
956,0.049378708,1.3514168,0.7233356,-1961.28662109375
957,0.04877913,1.3663304,0.72104746,-1962.2559814453125
958,0.04877913,1.3663304,0.72104746,-1963.0369873046875
959,0.048586227,1.3642063,0.72893107,-1960.8326416015625
960,0.04820255,1.3624411,0.72904027,-1960.6654052734375
961,0.048915923,1.3795909,0.7267601,-1961.1597900390625
962,0.048870474,1.3870202,0.72128695,-1962.808349609375
963,0.048870474,1.3870202,0.72128695,-1963.8662109375
964,0.048870474,1.3870202,0.72128695,-1963.111572265625
965,0.048870474,1.3870202,0.72128695,-1962.4273681640625
966,0.048870474,1.3870202,0.72128695,-1962.3726806640625
967,0.0493075,1.397144,0.73478603,-1961.303955078125
968,0.04879312,1.3939235,0.7361635,-1960.7703857421875
969,0.04879312,1.3939235,0.7361635,-1960.58349609375
970,0.04879312,1.3939235,0.7361635,-1960.39794921875
971,0.04879312,1.3939235,0.7361635,-1960.16015625
972,0.04933721,1.4128174,0.7417541,-1960.7672119140625
973,0.049551662,1.4098572,0.74776036,-1961.3814697265625
974,0.049551662,1.4098572,0.74776036,-1959.070556640625
975,0.049568012,1.428286,0.74765563,-1959.7802734375
976,0.049512915,1.4200693,0.7458714,-1959.76806640625
977,0.049430925,1.4365662,0.75663114,-1959.964599609375
978,0.05022161,1.4094629,0.7395983,-1960.26318359375
979,0.05022161,1.4094629,0.7395983,-1960.0518798828125
980,0.05050194,1.4079628,0.7407322,-1960.4915771484375
981,0.051280394,1.4253688,0.7354863,-1961.353515625
982,0.051280394,1.4253688,0.7354863,-1961.62890625
983,0.051280394,1.4253688,0.7354863,-1961.0850830078125
984,0.05253155,1.4169548,0.75128317,-1964.184814453125
985,0.05253155,1.4169548,0.75128317,-1961.1070556640625
986,0.053163033,1.438584,0.7578642,-1960.84130859375
987,0.053163033,1.438584,0.7578642,-1957.7789306640625
988,0.053163033,1.438584,0.7578642,-1959.5755615234375
989,0.053163033,1.438584,0.7578642,-1959.7740478515625
990,0.053856365,1.4369261,0.7540708,-1959.541748046875
991,0.053695243,1.4440808,0.76054174,-1959.181884765625
992,0.05425631,1.4274513,0.7591861,-1961.177490234375
993,0.05425631,1.4274513,0.7591861,-1958.517822265625
994,0.05425631,1.4274513,0.7591861,-1960.4248046875
995,0.05425631,1.4274513,0.7591861,-1960.7818603515625
996,0.05425631,1.4274513,0.7591861,-1963.7784423828125
997,0.05425631,1.4274513,0.7591861,-1959.073486328125
998,0.053444948,1.4446931,0.7479613,-1960.4046630859375
999,0.053045094,1.4461823,0.7491392,-1959.934814453125
1000,0.053045094,1.4461823,0.7491392,-1959.455810546875
1001,0.052965786,1.4492759,0.75165707,-1959.517822265625
1002,0.05305576,1.4576416,0.75135595,-1960.6602783203125
1003,0.052523162,1.4730208,0.7559217,-1958.5933837890625
1004,0.052523162,1.4730208,0.7559217,-1960.1329345703125
1005,0.052523162,1.4730208,0.7559217,-1960.2911376953125
1006,0.051536348,1.4716129,0.7570786,-1960.1324462890625
1007,0.05160242,1.4764224,0.7509275,-1959.6759033203125
1008,0.05160242,1.4764224,0.7509275,-1959.5068359375
1009,0.051669996,1.4817736,0.75132596,-1959.8236083984375
1010,0.05252101,1.4791176,0.763324,-1959.0838623046875
1011,0.052434165,1.4670836,0.7377397,-1961.4747314453125
1012,0.052434165,1.4670836,0.7377397,-1961.9334716796875
1013,0.05258422,1.4663028,0.75983936,-1961.0494384765625
1014,0.05258422,1.4663028,0.75983936,-1959.595947265625
1015,0.052461736,1.4769243,0.7483328,-1959.6256103515625
1016,0.052461736,1.4769243,0.7483328,-1960.2027587890625
1017,0.052093826,1.478326,0.7499917,-1959.13623046875
1018,0.052186225,1.4671582,0.754892,-1958.8199462890625
1019,0.052844893,1.4610407,0.7509814,-1959.5919189453125
1020,0.052994736,1.4937736,0.76830655,-1960.4266357421875
1021,0.052994736,1.4937736,0.76830655,-1959.2261962890625
1022,0.053190053,1.5090556,0.7675256,-1959.114013671875
1023,0.053190053,1.5090556,0.7675256,-1960.2332763671875
1024,0.05335981,1.5436233,0.7671478,-1959.4473876953125
1025,0.053836048,1.577782,0.7741831,-1959.5499267578125
1026,0.05402228,1.5999357,0.7761111,-1958.7100830078125
1027,0.05402228,1.5999357,0.7761111,-1957.5362548828125
1028,0.05402228,1.5999357,0.7761111,-1958.7598876953125
1029,0.053602934,1.5980736,0.7651076,-1959.6033935546875
1030,0.053880528,1.6156118,0.77922004,-1958.170654296875
1031,0.053880528,1.6156118,0.77922004,-1958.052490234375
1032,0.05540871,1.6128643,0.78698933,-1958.4896240234375
1033,0.05557605,1.6342038,0.7664566,-1960.474365234375
1034,0.05557605,1.6342038,0.7664566,-1960.9329833984375
1035,0.055725884,1.6233897,0.7818172,-1959.3223876953125
1036,0.055725884,1.6233897,0.7818172,-1958.488525390625
1037,0.055725884,1.6233897,0.7818172,-1958.9329833984375
1038,0.056207396,1.6311169,0.7890473,-1957.501953125
1039,0.056207396,1.6311169,0.7890473,-1957.34228515625
1040,0.05731931,1.6288121,0.7919669,-1958.1768798828125
1041,0.0563657,1.5997927,0.77672,-1957.314697265625
1042,0.0563657,1.5997927,0.77672,-1957.7451171875
1043,0.056422878,1.6041777,0.7857162,-1957.4339599609375
1044,0.056791715,1.6162437,0.78742045,-1958.0750732421875
1045,0.056791715,1.6162437,0.78742045,-1959.35205078125
1046,0.056791715,1.6162437,0.78742045,-1957.6307373046875
1047,0.056791715,1.6162437,0.78742045,-1958.1968994140625
1048,0.056791715,1.6162437,0.78742045,-1958.8392333984375
1049,0.056791715,1.6162437,0.78742045,-1956.8885498046875
1050,0.05723909,1.6364357,0.79034156,-1958.6600341796875
1051,0.056704234,1.6563566,0.7740896,-1959.1832275390625
1052,0.05737687,1.6415964,0.77613866,-1958.1043701171875
1053,0.057265025,1.6373025,0.7665467,-1960.6817626953125
1054,0.057265025,1.6373025,0.7665467,-1961.2833251953125
1055,0.058279134,1.6355083,0.779302,-1957.7060546875
1056,0.057787783,1.643228,0.7764749,-1959.0845947265625
1057,0.058787204,1.6499017,0.7823951,-1957.7410888671875
1058,0.058131922,1.6270896,0.7803049,-1957.9669189453125
1059,0.057818957,1.625576,0.7795412,-1957.6986083984375
1060,0.05636939,1.6283224,0.76578057,-1959.37451171875
1061,0.05636939,1.6283224,0.76578057,-1960.905517578125
1062,0.05636939,1.6283224,0.76578057,-1960.497802734375
1063,0.056058213,1.599151,0.7791972,-1958.00048828125
1064,0.056786653,1.5880665,0.78344846,-1958.041748046875
1065,0.056784745,1.5947981,0.7810999,-1958.0750732421875
1066,0.056775093,1.62518,0.7700306,-1958.7901611328125
1067,0.056775093,1.62518,0.7700306,-1959.876953125
1068,0.056775093,1.62518,0.7700306,-1958.647216796875
1069,0.056731496,1.6103604,0.7851727,-1957.872314453125
1070,0.057700302,1.6186451,0.7932724,-1959.1768798828125
1071,0.057700302,1.6186451,0.7932724,-1960.936767578125
1072,0.05729201,1.6284809,0.7867618,-1957.6773681640625
1073,0.057886142,1.6360795,0.7892822,-1958.01171875
1074,0.057886142,1.6360795,0.7892822,-1957.4410400390625
1075,0.057649635,1.6342405,0.78408843,-1957.6297607421875
1076,0.057649635,1.6342405,0.78408843,-1957.7215576171875
1077,0.057942107,1.6526108,0.7928821,-1958.202392578125
1078,0.058092542,1.6884017,0.7879206,-1957.8984375
1079,0.058335125,1.6763477,0.7850515,-1957.2564697265625
1080,0.058527935,1.6935136,0.7936469,-1957.505859375
1081,0.058305375,1.7054769,0.7892271,-1957.7843017578125
1082,0.058288943,1.7218765,0.78215915,-1958.88232421875
1083,0.058472533,1.7101411,0.78605986,-1957.8978271484375
1084,0.059527367,1.6936915,0.78825617,-1957.480224609375
1085,0.059139043,1.6646458,0.7847477,-1957.1998291015625
1086,0.059139043,1.6646458,0.7847477,-1957.8148193359375
1087,0.059139043,1.6646458,0.7847477,-1958.01513671875
1088,0.058446363,1.6312503,0.7824043,-1957.6810302734375
1089,0.058715947,1.652288,0.7878416,-1956.9798583984375
1090,0.058715947,1.652288,0.7878416,-1957.1827392578125
1091,0.058715947,1.652288,0.7878416,-1957.688232421875
1092,0.058613423,1.6374627,0.786975,-1957.822509765625
1093,0.058613423,1.6374627,0.786975,-1956.5028076171875
1094,0.05742331,1.6099976,0.7859351,-1959.0614013671875
1095,0.05742331,1.6099976,0.7859351,-1958.2615966796875
1096,0.05742331,1.6099976,0.7859351,-1958.2918701171875
1097,0.05808184,1.6062657,0.77394545,-1958.5523681640625
1098,0.05808184,1.6062657,0.77394545,-1958.614501953125
1099,0.057109974,1.5742972,0.7762154,-1957.4407958984375
1100,0.056449227,1.5870605,0.7626218,-1959.572998046875
1101,0.056449227,1.5870605,0.7626218,-1959.1898193359375
1102,0.056449227,1.5870605,0.7626218,-1960.61328125
1103,0.05555186,1.5926191,0.7716621,-1958.349853515625
1104,0.05555186,1.5926191,0.7716621,-1957.8682861328125
1105,0.055082753,1.5954286,0.7789142,-1958.850341796875
1106,0.055082753,1.5954286,0.7789142,-1957.3565673828125
1107,0.055082753,1.5954286,0.7789142,-1957.975341796875
1108,0.054451782,1.6115696,0.7735082,-1959.3365478515625
1109,0.054451782,1.6115696,0.7735082,-1958.6009521484375
1110,0.053980626,1.620445,0.7800798,-1958.3388671875
1111,0.053980626,1.620445,0.7800798,-1958.1153564453125
1112,0.054804754,1.6338075,0.78223485,-1958.520263671875
1113,0.054804754,1.6338075,0.78223485,-1958.1722412109375
1114,0.054804754,1.6338075,0.78223485,-1958.654052734375
1115,0.054804754,1.6338075,0.78223485,-1958.3865966796875
1116,0.054695718,1.6559991,0.7724892,-1959.7327880859375
1117,0.05436941,1.656286,0.7808578,-1958.89306640625
1118,0.05436941,1.656286,0.7808578,-1958.7562255859375
1119,0.05458626,1.6847537,0.78357023,-1958.4320068359375
1120,0.054698117,1.6861095,0.7916183,-1959.8704833984375
1121,0.05563446,1.687556,0.79187393,-1960.3197021484375
1122,0.05563446,1.687556,0.79187393,-1958.45703125
1123,0.054874048,1.6775175,0.78899556,-1958.4354248046875
1124,0.054874048,1.6775175,0.78899556,-1959.08837890625
1125,0.055285554,1.6737552,0.78850895,-1957.86767578125
1126,0.055285554,1.6737552,0.78850895,-1958.48583984375
1127,0.0562299,1.6747824,0.7876767,-1957.2491455078125
1128,0.055933334,1.646303,0.7814492,-1958.5150146484375
1129,0.056118365,1.6587543,0.7842571,-1958.1864013671875
1130,0.056346927,1.6562388,0.78523797,-1957.99560546875
1131,0.056825604,1.6720445,0.78534937,-1957.7015380859375
1132,0.056825604,1.6720445,0.78534937,-1958.1297607421875
1133,0.057084315,1.6952856,0.78662354,-1957.80859375
1134,0.057084315,1.6952856,0.78662354,-1958.942626953125
1135,0.057084315,1.6952856,0.78662354,-1957.8453369140625
1136,0.057777036,1.7027406,0.788751,-1957.6015625
1137,0.058061432,1.6981553,0.8007943,-1956.576416015625
1138,0.058061432,1.6981553,0.8007943,-1962.382080078125
1139,0.058061432,1.6981553,0.8007943,-1958.197509765625
1140,0.058061432,1.6981553,0.8007943,-1958.1949462890625
1141,0.057934634,1.7154975,0.78877187,-1957.7413330078125
1142,0.057934634,1.7154975,0.78877187,-1957.7696533203125
1143,0.058402944,1.7338383,0.8008588,-1956.392822265625
1144,0.058402944,1.7338383,0.8008588,-1957.4825439453125
1145,0.058402944,1.7338383,0.8008588,-1957.974853515625
1146,0.059982564,1.7387908,0.7949871,-1957.803955078125
1147,0.06072198,1.7451458,0.79686797,-1956.9111328125
1148,0.06072198,1.7451458,0.79686797,-1955.2137451171875
1149,0.06061113,1.7438987,0.79984087,-1956.949951171875
1150,0.059829053,1.7470468,0.80383706,-1957.1943359375
1151,0.060072023,1.7750764,0.8108128,-1958.0347900390625
1152,0.05890694,1.7980782,0.81067926,-1957.4552001953125
1153,0.05890694,1.7980782,0.81067926,-1956.6544189453125
1154,0.05940007,1.7767279,0.8066042,-1956.762939453125
1155,0.05940007,1.7767279,0.8066042,-1957.478759765625
1156,0.05940007,1.7767279,0.8066042,-1956.9967041015625
1157,0.05931196,1.7692859,0.8044284,-1957.154296875
1158,0.05931196,1.7692859,0.8044284,-1957.36572265625
1159,0.05931196,1.7692859,0.8044284,-1956.399169921875
1160,0.059327975,1.7757756,0.80168223,-1957.4527587890625
1161,0.059327975,1.7757756,0.80168223,-1957.4576416015625
1162,0.059327975,1.7757756,0.80168223,-1956.734375
1163,0.05933926,1.7685453,0.80157506,-1956.830322265625
1164,0.059767578,1.768816,0.81164205,-1957.836669921875
1165,0.059023693,1.7305504,0.80346215,-1956.9046630859375
1166,0.059677344,1.7240337,0.79127914,-1958.776611328125
1167,0.059677344,1.7240337,0.79127914,-1957.2147216796875
1168,0.059626117,1.7183502,0.7998243,-1958.489013671875
1169,0.059626117,1.7183502,0.7998243,-1958.712890625
1170,0.0597436,1.7585803,0.794121,-1957.167236328125
1171,0.059324253,1.7493854,0.7959801,-1957.967529296875
1172,0.05889149,1.7695415,0.7909087,-1957.35986328125
1173,0.057720255,1.7485799,0.79536164,-1958.1708984375
1174,0.05795411,1.7517315,0.788801,-1957.595947265625
1175,0.05795411,1.7517315,0.788801,-1958.5323486328125
1176,0.05795411,1.7517315,0.788801,-1958.578369140625
1177,0.05795411,1.7517315,0.788801,-1958.585205078125
1178,0.057730358,1.7508205,0.7856695,-1958.5634765625
1179,0.05671996,1.7133541,0.79837734,-1958.5250244140625
1180,0.05713499,1.7172309,0.7913316,-1958.2532958984375
1181,0.05713499,1.7172309,0.7913316,-1957.218994140625
1182,0.05728455,1.7299246,0.78131866,-1958.5224609375
1183,0.057084177,1.7600076,0.78964067,-1959.0203857421875
1184,0.05642569,1.7484839,0.78717774,-1958.4859619140625
1185,0.057115596,1.7426335,0.7843463,-1958.7291259765625
1186,0.05656985,1.7397032,0.7797694,-1960.0780029296875
1187,0.05656985,1.7397032,0.7797694,-1959.40185546875
1188,0.05721591,1.7344483,0.7919151,-1957.9017333984375
1189,0.05721591,1.7344483,0.7919151,-1958.7216796875
1190,0.05721591,1.7344483,0.7919151,-1958.010498046875
1191,0.05721591,1.7344483,0.7919151,-1958.5423583984375
1192,0.05715742,1.7318507,0.78897357,-1957.39208984375
1193,0.05653599,1.7010963,0.7924157,-1958.551025390625
1194,0.05653599,1.7010963,0.7924157,-1957.28955078125
1195,0.056037128,1.7215042,0.78009784,-1960.0540771484375
1196,0.055609956,1.7230457,0.7848527,-1958.0869140625
1197,0.05516722,1.7392782,0.78876233,-1959.1124267578125
1198,0.054418556,1.7379316,0.7947305,-1958.2864990234375
1199,0.054418556,1.7379316,0.7947305,-1958.9034423828125
1200,0.05494963,1.7404373,0.7874105,-1959.08642578125
1201,0.05494963,1.7404373,0.7874105,-1959.265625
1202,0.05494963,1.7404373,0.7874105,-1959.6881103515625
1203,0.055748772,1.7382519,0.8030703,-1958.5367431640625
1204,0.054413874,1.7533032,0.802379,-1960.4771728515625
1205,0.055167194,1.753534,0.787469,-1959.4654541015625
1206,0.055167194,1.753534,0.787469,-1958.8614501953125
1207,0.055167194,1.753534,0.787469,-1959.202392578125
1208,0.055167194,1.753534,0.787469,-1958.939697265625
1209,0.055167194,1.753534,0.787469,-1958.5457763671875
1210,0.055167194,1.753534,0.787469,-1959.4989013671875
1211,0.054943226,1.7463992,0.780776,-1960.0435791015625
1212,0.05500762,1.7519525,0.79218924,-1958.3167724609375
1213,0.05500762,1.7519525,0.79218924,-1958.396728515625
1214,0.05500762,1.7519525,0.79218924,-1960.040283203125
1215,0.05500762,1.7519525,0.79218924,-1958.2578125
1216,0.05500762,1.7519525,0.79218924,-1958.659423828125
1217,0.05500762,1.7519525,0.79218924,-1958.9940185546875
1218,0.05500762,1.7519525,0.79218924,-1958.9268798828125
1219,0.05500762,1.7519525,0.79218924,-1959.0770263671875
1220,0.055137306,1.7772841,0.77801466,-1962.246826171875
1221,0.05525482,1.7781061,0.79008836,-1959.3709716796875
1222,0.05525482,1.7781061,0.79008836,-1959.1220703125
1223,0.054663282,1.7677722,0.7795661,-1961.678955078125
1224,0.054663282,1.7677722,0.7795661,-1961.5706787109375
1225,0.054441825,1.8003753,0.7764318,-1963.2921142578125
1226,0.054441825,1.8003753,0.7764318,-1963.6064453125
1227,0.054441825,1.8003753,0.7764318,-1963.72998046875
1228,0.054441825,1.8003753,0.7764318,-1964.652587890625
1229,0.055022154,1.8307209,0.7809371,-1963.9517822265625
1230,0.055022154,1.8307209,0.7809371,-1963.34912109375
1231,0.055022154,1.8307209,0.7809371,-1963.29150390625
1232,0.054516796,1.8329211,0.78302735,-1963.013427734375
1233,0.054204136,1.8567926,0.7829795,-1963.595458984375
1234,0.053742196,1.8458896,0.79713196,-1961.245849609375
1235,0.053736996,1.8540354,0.80313534,-1961.4468994140625
1236,0.053736996,1.8540354,0.80313534,-1960.133056640625
1237,0.053736996,1.8540354,0.80313534,-1961.2025146484375
1238,0.053392842,1.884773,0.81107634,-1961.92333984375
1239,0.053272177,1.8760474,0.80703616,-1962.0982666015625
1240,0.053732116,1.8858818,0.81037045,-1962.4498291015625
1241,0.053732116,1.8858818,0.81037045,-1962.0439453125
1242,0.053732116,1.8858818,0.81037045,-1962.2354736328125
1243,0.05359087,1.8941883,0.81126827,-1961.8773193359375
1244,0.05359087,1.8941883,0.81126827,-1961.7017822265625
1245,0.05359087,1.8941883,0.81126827,-1962.1405029296875
1246,0.05441036,1.864601,0.80127686,-1960.252197265625
1247,0.05441036,1.864601,0.80127686,-1961.3377685546875
1248,0.054305308,1.8741622,0.79206246,-1961.875732421875
1249,0.054940946,1.885929,0.79012597,-1962.6361083984375
1250,0.054940946,1.885929,0.79012597,-1962.65625
1251,0.055242967,1.8815615,0.7943798,-1961.738525390625
1252,0.055242967,1.8815615,0.7943798,-1962.3028564453125
1253,0.055119537,1.8786203,0.7936553,-1962.3831787109375
1254,0.055119537,1.8786203,0.7936553,-1961.7427978515625
1255,0.054723267,1.8643677,0.80755544,-1959.977294921875
1256,0.054723267,1.8643677,0.80755544,-1961.5657958984375
1257,0.054723267,1.8643677,0.80755544,-1960.913330078125
1258,0.054723267,1.8643677,0.80755544,-1960.288818359375
1259,0.055116132,1.8648019,0.80793524,-1960.8779296875
1260,0.055116132,1.8648019,0.80793524,-1960.8291015625
1261,0.055682633,1.8649347,0.7991004,-1960.0859375
1262,0.05615146,1.8561306,0.8036477,-1960.136962890625
1263,0.0557449,1.8981855,0.81026995,-1961.091064453125
1264,0.05618588,1.9187616,0.8149017,-1960.2982177734375
1265,0.05618588,1.9187616,0.8149017,-1960.8203125
1266,0.05599132,1.9272745,0.80272853,-1961.149169921875
1267,0.056534722,1.9501823,0.81346995,-1960.6669921875
1268,0.056534722,1.9501823,0.81346995,-1961.0216064453125
1269,0.056103956,1.9844637,0.81894135,-1961.5870361328125
1270,0.056045957,2.0113287,0.81432074,-1962.178466796875
1271,0.056045957,2.0113287,0.81432074,-1961.406982421875
1272,0.055403158,2.025931,0.81824714,-1962.75
1273,0.055403158,2.025931,0.81824714,-1963.0323486328125
1274,0.05517553,2.0069273,0.8210484,-1963.7086181640625
1275,0.05517553,2.0069273,0.8210484,-1962.9273681640625
1276,0.055492833,2.0218554,0.8167627,-1962.8779296875
1277,0.055492833,2.0218554,0.8167627,-1962.3309326171875
1278,0.05611894,2.0244956,0.8232773,-1962.535400390625
1279,0.056341402,2.0092134,0.8302103,-1963.38037109375
1280,0.056657676,2.0434308,0.8332919,-1964.8857421875
1281,0.056501266,2.0389073,0.8168023,-1962.142822265625
1282,0.056995768,2.0405226,0.8297385,-1962.6297607421875
1283,0.05741101,2.031571,0.81405026,-1962.4190673828125
1284,0.05741101,2.031571,0.81405026,-1961.1197509765625
1285,0.058063608,1.9986398,0.81207883,-1960.474365234375
1286,0.058063608,1.9986398,0.81207883,-1960.07470703125
1287,0.05848069,1.9868877,0.8104127,-1960.2039794921875
1288,0.058625124,1.9675366,0.81612957,-1958.3543701171875
1289,0.05935781,1.9772743,0.82612395,-1959.3038330078125
1290,0.05985886,1.9904628,0.8298272,-1960.2471923828125
1291,0.060226947,2.028553,0.82540697,-1959.0546875
1292,0.060226947,2.028553,0.82540697,-1959.5718994140625
1293,0.06161936,2.0183525,0.82026285,-1958.0062255859375
1294,0.06161936,2.0183525,0.82026285,-1958.11572265625
1295,0.06161936,2.0183525,0.82026285,-1958.821044921875
1296,0.06247521,2.016452,0.80310136,-1961.739990234375
1297,0.06247521,2.016452,0.80310136,-1960.6590576171875
1298,0.06247521,2.016452,0.80310136,-1961.6700439453125
1299,0.061491974,1.9770899,0.80579364,-1959.95263671875
1300,0.061865386,1.9686406,0.8067029,-1959.239013671875
1301,0.061865386,1.9686406,0.8067029,-1958.9007568359375
1302,0.061248075,1.9628274,0.8136249,-1958.407958984375
1303,0.061248075,1.9628274,0.8136249,-1957.9483642578125
1304,0.061083548,1.9598087,0.80600405,-1959.1221923828125
1305,0.060096137,1.9671291,0.81818545,-1958.1781005859375
1306,0.061483413,1.9649899,0.8235099,-1958.8719482421875
1307,0.061483413,1.9649899,0.8235099,-1956.94677734375
1308,0.061483413,1.9649899,0.8235099,-1957.8856201171875
1309,0.061483413,1.9649899,0.8235099,-1958.09619140625
1310,0.061483413,1.9649899,0.8235099,-1958.37548828125
1311,0.061483413,1.9649899,0.8235099,-1957.7098388671875
1312,0.061483413,1.9649899,0.8235099,-1957.3377685546875
1313,0.061456267,1.9540612,0.81579465,-1957.5413818359375
1314,0.061456267,1.9540612,0.81579465,-1957.0040283203125
1315,0.061456267,1.9540612,0.81579465,-1957.492431640625
1316,0.06179787,1.9462098,0.8208423,-1957.6611328125
1317,0.06179787,1.9462098,0.8208423,-1959.7384033203125
1318,0.06263376,1.9235096,0.82886875,-1958.8978271484375
1319,0.062473524,1.9235026,0.82018584,-1958.60546875
1320,0.063052766,1.9085557,0.82522076,-1957.7891845703125
1321,0.063052766,1.9085557,0.82522076,-1958.081787109375
1322,0.06419763,1.9139717,0.8311267,-1961.423828125
1323,0.06419763,1.9139717,0.8311267,-1963.361572265625
1324,0.06375892,1.9168621,0.83518976,-1958.9566650390625
1325,0.06412149,1.9112997,0.8277218,-1957.3819580078125
1326,0.06412149,1.9112997,0.8277218,-1956.867919921875
1327,0.06454603,1.9554768,0.8323601,-1960.155517578125
1328,0.06388218,1.9366459,0.82610065,-1956.331298828125
1329,0.0640109,1.9352368,0.8249275,-1956.6500244140625
1330,0.063775904,1.9478911,0.8188747,-1956.5086669921875
1331,0.063775904,1.9478911,0.8188747,-1956.14306640625
1332,0.063775904,1.9478911,0.8188747,-1956.694091796875
1333,0.0634719,1.9558023,0.8188103,-1956.10595703125
1334,0.06427423,1.9668463,0.82182676,-1956.252197265625
1335,0.06427423,1.9668463,0.82182676,-1955.9951171875
1336,0.06427423,1.9668463,0.82182676,-1956.3824462890625
1337,0.06427423,1.9668463,0.82182676,-1956.098876953125
1338,0.06427423,1.9668463,0.82182676,-1955.5062255859375
1339,0.06427423,1.9668463,0.82182676,-1956.939453125
1340,0.06422713,1.9767168,0.82348156,-1956.6248779296875
1341,0.06422713,1.9767168,0.82348156,-1956.5540771484375
1342,0.06454473,1.9679321,0.82437587,-1956.323974609375
1343,0.06482747,1.9961379,0.8239613,-1955.81787109375
1344,0.06482747,1.9961379,0.8239613,-1955.89453125
1345,0.06538114,1.9989643,0.8221228,-1956.541015625
1346,0.0660611,1.9937811,0.8226317,-1955.8594970703125
1347,0.0660611,1.9937811,0.8226317,-1955.4359130859375
1348,0.06634189,2.0282319,0.81767637,-1956.811767578125
1349,0.06634189,2.0282319,0.81767637,-1956.90869140625
1350,0.06634189,2.0282319,0.81767637,-1956.452880859375
1351,0.06741773,2.0368726,0.82422537,-1955.848876953125
1352,0.06741773,2.0368726,0.82422537,-1955.6202392578125
1353,0.06741773,2.0368726,0.82422537,-1955.12451171875
1354,0.06741773,2.0368726,0.82422537,-1955.6351318359375
1355,0.06741773,2.0368726,0.82422537,-1957.13720703125
1356,0.06741773,2.0368726,0.82422537,-1955.685546875
1357,0.06741773,2.0368726,0.82422537,-1956.1085205078125
1358,0.06744746,2.0225363,0.8206333,-1956.0361328125
1359,0.06744746,2.0225363,0.8206333,-1956.0791015625
1360,0.068674065,2.0907807,0.82590556,-1956.2650146484375
1361,0.068674065,2.0907807,0.82590556,-1955.7900390625
1362,0.06812533,2.101771,0.82071024,-1957.81005859375
1363,0.06807141,2.1025167,0.8193244,-1958.2540283203125
1364,0.06807141,2.1025167,0.8193244,-1959.0626220703125
1365,0.06807141,2.1025167,0.8193244,-1958.122314453125
1366,0.0681375,2.08426,0.82103467,-1956.6055908203125
1367,0.0682156,2.0601957,0.81469184,-1958.1234130859375
1368,0.0682156,2.0601957,0.81469184,-1958.792724609375
1369,0.0682156,2.0601957,0.81469184,-1958.3194580078125
1370,0.0682156,2.0601957,0.81469184,-1959.2943115234375
1371,0.0682156,2.0601957,0.81469184,-1958.3675537109375
1372,0.0682156,2.0601957,0.81469184,-1958.5313720703125
1373,0.06751055,2.0499477,0.81399494,-1958.7373046875
1374,0.066758074,2.0178926,0.819831,-1956.1885986328125
1375,0.06658424,1.9825915,0.818103,-1956.0009765625
1376,0.06658424,1.9825915,0.818103,-1956.0703125
1377,0.06658424,1.9825915,0.818103,-1956.252685546875
1378,0.06666792,1.9557654,0.81463474,-1956.0107421875
1379,0.068196855,1.9464802,0.8154382,-1955.841064453125
1380,0.068196855,1.9464802,0.8154382,-1955.6884765625
1381,0.06799287,1.9647557,0.8339286,-1957.0032958984375
1382,0.06799287,1.9647557,0.8339286,-1957.135498046875
1383,0.06890204,1.9801966,0.8284338,-1954.357421875
1384,0.06890204,1.9801966,0.8284338,-1955.5396728515625
1385,0.0694025,1.9707088,0.8185544,-1955.6527099609375
1386,0.0694025,1.9707088,0.8185544,-1955.3209228515625
1387,0.0694025,1.9707088,0.8185544,-1954.6104736328125
1388,0.0694025,1.9707088,0.8185544,-1955.7100830078125
1389,0.06918347,1.9857873,0.8221798,-1955.8687744140625
1390,0.06918347,1.9857873,0.8221798,-1955.412841796875
1391,0.06918347,1.9857873,0.8221798,-1955.0692138671875
1392,0.06918347,1.9857873,0.8221798,-1955.12744140625
1393,0.06829503,1.9920639,0.8202791,-1955.8499755859375
1394,0.06829503,1.9920639,0.8202791,-1955.9190673828125
1395,0.06761557,1.9904082,0.822114,-1954.435546875
1396,0.06648998,1.9873565,0.8260094,-1954.4132080078125
1397,0.06648998,1.9873565,0.8260094,-1955.385498046875
1398,0.066255935,1.9575046,0.8206902,-1955.0574951171875
1399,0.06628401,1.9763951,0.8214103,-1955.7608642578125
1400,0.066183336,1.9621658,0.81971496,-1956.31591796875
1401,0.065581754,1.9661136,0.80787694,-1957.931396484375
1402,0.06486552,1.9624541,0.8294595,-1959.0079345703125
1403,0.06486552,1.9624541,0.8294595,-1956.01953125
1404,0.06500745,1.9901013,0.8189957,-1955.5943603515625
1405,0.06500745,1.9901013,0.8189957,-1956.6416015625
1406,0.06500745,1.9901013,0.8189957,-1956.6920166015625
1407,0.06570648,2.0017173,0.82454073,-1956.4716796875
1408,0.06651798,2.0038207,0.8221174,-1955.01611328125
1409,0.06678725,2.027025,0.83367133,-1955.82666015625
1410,0.0665462,2.0207424,0.8326905,-1955.515625
1411,0.06668684,2.0237558,0.8271406,-1955.681396484375
1412,0.06667733,2.0212994,0.8257821,-1954.7894287109375
1413,0.06671988,2.0099058,0.8175769,-1956.4110107421875
1414,0.06707932,2.0079691,0.8188084,-1955.9168701171875
1415,0.06707932,2.0079691,0.8188084,-1956.606201171875
1416,0.06707932,2.0079691,0.8188084,-1956.3421630859375
1417,0.06741661,1.9800518,0.8215195,-1955.87548828125
1418,0.066281594,1.9809196,0.8263842,-1955.8878173828125
1419,0.0670844,1.9903684,0.8347665,-1956.5899658203125
1420,0.0670844,1.9903684,0.8347665,-1957.22802734375
1421,0.0670844,1.9903684,0.8347665,-1960.7149658203125
1422,0.06770404,1.9921806,0.8330344,-1957.5484619140625
1423,0.068955034,1.9791076,0.8320472,-1955.8599853515625
1424,0.06913285,2.01957,0.8265324,-1954.6121826171875
1425,0.06913285,2.01957,0.8265324,-1954.67333984375
1426,0.06913285,2.01957,0.8265324,-1954.278076171875
1427,0.06871948,2.0078084,0.83189744,-1955.142822265625
1428,0.068553,2.013255,0.82758653,-1955.845703125
1429,0.067888044,1.9992623,0.8315037,-1954.9931640625
