Worm #,CFU_22,CFU_222,CFU_2222,PFU,Day,Exp,Sync,
1,0,0,,0,1,ST041,3/25/2025,
2,0,0,,0,1,ST041,3/25/2025,
3,3,0,,0,1,ST041,3/25/2025,
4,17,1,,0,1,ST041,3/25/2025,
5,2,0,,0,1,ST041,3/25/2025,
6,0,1,,0,1,ST041,3/25/2025,
7,20,2,,0,1,ST041,3/25/2025,
8,0,0,,0,1,ST041,3/25/2025,
9,13,0,,0,1,ST041,3/25/2025,
10,6,1,,0,1,ST041,3/25/2025,
11,7,2,,0,1,ST041,3/25/2025,
12,0,0,,0,1,ST041,3/25/2025,
13,0,0,,0,1,ST041,3/25/2025,
14,7,1,,0,1,ST041,3/25/2025,
15,1,0,,0,1,ST041,3/25/2025,
16,0,0,,0,1,ST041,3/25/2025,
17,31,4,,0,1,ST041,3/25/2025,
18,16,1,,0,1,ST041,3/25/2025,
19,1,0,,0,1,ST041,3/25/2025,
20,4,0,,0,1,ST041,3/25/2025,
21,3,0,,0,1,ST041,3/25/2025,
22,0,0,,0,1,ST041,3/25/2025,
23,0,0,,0,1,ST041,3/25/2025,
24,1,0,,0,1,ST041,3/25/2025,
25,0,0,,0,1,ST041,3/25/2025,
1,0,0,,0,3,ST041,3/25/2025,
2,1,0,,0,3,ST041,3/25/2025,
3,0,0,,0,3,ST041,3/25/2025,
4,0,0,,0,3,ST041,3/25/2025,
5,0,0,,0,3,ST041,3/25/2025,
6,0,0,,0,3,ST041,3/25/2025,
7,0,0,,0,3,ST041,3/25/2025,
8,0,0,,0,3,ST041,3/25/2025,
9,0,0,,0,3,ST041,3/25/2025,
10,0,0,,0,3,ST041,3/25/2025,
11,1,0,,0,3,ST041,3/25/2025,
12,0,0,,0,3,ST041,3/25/2025,
13,1,0,,0,3,ST041,3/25/2025,
14,12,0,,0,3,ST041,3/25/2025,
15,0,0,,0,3,ST041,3/25/2025,
16,0,0,,0,3,ST041,3/25/2025,
17,0,0,,0,3,ST041,3/25/2025,
18,0,0,,0,3,ST041,3/25/2025,
19,0,0,,0,3,ST041,3/25/2025,
20,0,0,,0,3,ST041,3/25/2025,
21,1,0,,0,3,ST041,3/25/2025,
22,1,0,,0,3,ST041,3/25/2025,
23,69,8,,0,3,ST041,3/25/2025,
24,0,0,,0,3,ST041,3/25/2025,
25,0,0,,0,3,ST041,3/25/2025,
1,230,16,,0,5,ST041,3/25/2025,
2,1,0,,0,5,ST041,3/25/2025,
3,unc,212,,0,5,ST041,3/25/2025,
4,unc,96,,0,5,ST041,3/25/2025,
5,0,0,,0,5,ST041,3/25/2025,
6,0,0,,0,5,ST041,3/25/2025,
7,0,0,,0,5,ST041,3/25/2025,
8,0,0,,0,5,ST041,3/25/2025,
9,unc,153,,0,5,ST041,3/25/2025,
10,unc,80,,0,5,ST041,3/25/2025,small colonies +7 
11,1,0,,0,5,ST041,3/25/2025,
12,0,0,,0,5,ST041,3/25/2025,
13,0,0,,0,5,ST041,3/25/2025,
14,0,0,,0,5,ST041,3/25/2025,
15,317,39,,0,5,ST041,3/25/2025,
16,unc,126,,0,5,ST041,3/25/2025,
17,0,0,,0,5,ST041,3/25/2025,
18,0,0,,0,5,ST041,3/25/2025,
19,19,3,,0,5,ST041,3/25/2025,
20,0,0,,0,5,ST041,3/25/2025,
21,2,0,,0,5,ST041,3/25/2025,
22,172,13,,0,5,ST041,3/25/2025,
23,0,0,,0,5,ST041,3/25/2025,
24,90,8,,0,5,ST041,3/25/2025,
25,1,0,,0,5,ST041,3/25/2025,
1,0,0,0,,7,ST041,3/25/2025,
2,558,73,13,,7,ST041,3/25/2025,
3,853,109,8,,7,ST041,3/25/2025,
4,0,0,0,,7,ST041,3/25/2025,
5,284,53,1,,7,ST041,3/25/2025,
6,3,0,0,,7,ST041,3/25/2025,
7,unc,87,9,,7,ST041,3/25/2025,
8,1,0,0,,7,ST041,3/25/2025,
9,0,0,0,,7,ST041,3/25/2025,
10,0,0,0,,7,ST041,3/25/2025,
11,0,0,0,,7,ST041,3/25/2025,
12,0,0,0,,7,ST041,3/25/2025,
13,227,27,3,,7,ST041,3/25/2025,
14,unc,69,13,,7,ST041,3/25/2025,
15,2,0,0,,7,ST041,3/25/2025,
16,unc,299,33,,7,ST041,3/25/2025,
17,unc,unc,127,,7,ST041,3/25/2025,
18,0,0,0,,7,ST041,3/25/2025,
19,unc,97,10,,7,ST041,3/25/2025,
20,0,0,0,,7,ST041,3/25/2025,
21,4,1,0,,7,ST041,3/25/2025,
22,0,0,0,,7,ST041,3/25/2025,
23,0,0,0,,7,ST041,3/25/2025,
24,0,0,0,,7,ST041,3/25/2025,
25,unc,181,19,,7,ST041,3/25/2025,
1,0,0,0,,9,ST041,3/25/2025,
2,32,1,0,,9,ST041,3/25/2025,
3,2,0,0,,9,ST041,3/25/2025,
4,0,0,0,,9,ST041,3/25/2025,
5,unc,77,8,,9,ST041,3/25/2025,
6,unc,90,10,,9,ST041,3/25/2025,
7,0,0,0,,9,ST041,3/25/2025,
8,2,0,0,,9,ST041,3/25/2025,
9,2,0,0,,9,ST041,3/25/2025,
10,0,0,0,,9,ST041,3/25/2025,
11,0,0,0,,9,ST041,3/25/2025,
12,unc,104,11,,9,ST041,3/25/2025,
13,0,0,0,,9,ST041,3/25/2025,
14,0,0,0,,9,ST041,3/25/2025,
15,0,0,0,,9,ST041,3/25/2025,
16,275,22,4,,9,ST041,3/25/2025,
17,0,0,0,,9,ST041,3/25/2025,
18,0,0,0,,9,ST041,3/25/2025,
19,unc,178,15,,9,ST041,3/25/2025,
20,366,50,3,,9,ST041,3/25/2025,
21,2,1,1,,9,ST041,3/25/2025,
22,0,0,0,,9,ST041,3/25/2025,
23,unc,149,15,,9,ST041,3/25/2025,
24,6,1,0,,9,ST041,3/25/2025,
25,1,0,0,,9,ST041,3/25/2025,
1,43,8,,0,1,ST042,4/3/2025,
2,18,4,,0,1,ST042,4/3/2025,
3,106,9,,0,1,ST042,4/3/2025,
4,107,14,,0,1,ST042,4/3/2025,
5,0,0,,0,1,ST042,4/3/2025,
6,0,1,,0,1,ST042,4/3/2025,
7,17,3,,0,1,ST042,4/3/2025,
8,0,0,,0,1,ST042,4/3/2025,
9,2,0,,0,1,ST042,4/3/2025,
10,0,0,,0,1,ST042,4/3/2025,
11,0,0,,0,1,ST042,4/3/2025,
12,0,0,,0,1,ST042,4/3/2025,
13,127,20,,0,1,ST042,4/3/2025,
14,0,0,,0,1,ST042,4/3/2025,
15,0,0,,0,1,ST042,4/3/2025,
16,0,0,,0,1,ST042,4/3/2025,
17,0,0,,0,1,ST042,4/3/2025,
18,0,0,,0,1,ST042,4/3/2025,
19,0,0,,0,1,ST042,4/3/2025,
20,0,0,,0,1,ST042,4/3/2025,
21,0,0,,0,1,ST042,4/3/2025,
22,3,0,,0,1,ST042,4/3/2025,
23,0,0,,0,1,ST042,4/3/2025,
24,0,0,,0,1,ST042,4/3/2025,
25,0,0,,0,1,ST042,4/3/2025,
1,0,0,,0,3,ST042,4/3/2025,
2,0,0,,0,3,ST042,4/3/2025,
3,0,0,,0,3,ST042,4/3/2025,
4,1,0,,0,3,ST042,4/3/2025,
5,0,0,,0,3,ST042,4/3/2025,
6,0,0,,0,3,ST042,4/3/2025,
7,0,0,,0,3,ST042,4/3/2025,
8,0,0,,0,3,ST042,4/3/2025,
9,unc ,360-380,,0,3,ST042,4/3/2025,
10,0,0,,0,3,ST042,4/3/2025,
11,0,0,,0,3,ST042,4/3/2025,
12,0,0,,0,3,ST042,4/3/2025,
13,0,0,,0,3,ST042,4/3/2025,
14,0,0,,0,3,ST042,4/3/2025,
15,0,0,,0,3,ST042,4/3/2025,
16,0,0,,0,3,ST042,4/3/2025,
17,0,0,,0,3,ST042,4/3/2025,
18,0,0,,0,3,ST042,4/3/2025,
19,0,0,,0,3,ST042,4/3/2025,
20,0,0,,0,3,ST042,4/3/2025,
21,0,0,,0,3,ST042,4/3/2025,
22,0,0,,0,3,ST042,4/3/2025,
23,0,0,,0,3,ST042,4/3/2025,
24,15,1,,0,3,ST042,4/3/2025,
25,0,0,,0,3,ST042,4/3/2025,
1,240,30,5,0,5,ST042,4/3/2025,
2,0,0,0,0,5,ST042,4/3/2025,
3,1,0,0,0,5,ST042,4/3/2025,
4,0,0,0,0,5,ST042,4/3/2025,
5,0,0,0,0,5,ST042,4/3/2025,
6,unc ,79,7,0,5,ST042,4/3/2025,
7,0,0,0,0,5,ST042,4/3/2025,
8,0,0,0,0,5,ST042,4/3/2025,
9,0,0,0,0,5,ST042,4/3/2025,
10,0,0,0,0,5,ST042,4/3/2025,
11,0,0,0,0,5,ST042,4/3/2025,
12,0,0,0,0,5,ST042,4/3/2025,
13,1,0,0,0,5,ST042,4/3/2025,
14,0,0,0,0,5,ST042,4/3/2025,
15,0,0,0,0,5,ST042,4/3/2025,
16,0,0,0,0,5,ST042,4/3/2025,
17,0,0,0,0,5,ST042,4/3/2025,
18,1,0,0,0,5,ST042,4/3/2025,
19,0,0,0,0,5,ST042,4/3/2025,
20,0,0,0,0,5,ST042,4/3/2025,
21,0,0,0,0,5,ST042,4/3/2025,
22,0,0,0,0,5,ST042,4/3/2025,
23,0,0,0,0,5,ST042,4/3/2025,
24,0,0,0,0,5,ST042,4/3/2025,
25,0,0,0,0,5,ST042,4/3/2025,
1,0,0,,0,7,ST042,4/3/2025,
2,1,0,,0,7,ST042,4/3/2025,
3,1,0,,0,7,ST042,4/3/2025,
4,unc ,310,29,0,7,ST042,4/3/2025,
5,2,0,,0,7,ST042,4/3/2025,
6,0,0,,0,7,ST042,4/3/2025,
7,0,0,,0,7,ST042,4/3/2025,
8,0,0,,0,7,ST042,4/3/2025,
9,unc ,105,5,0,7,ST042,4/3/2025,
10,0,0,,0,7,ST042,4/3/2025,
11,1,0,,0,7,ST042,4/3/2025,
12,3,0,,0,7,ST042,4/3/2025,
13,1,0,,0,7,ST042,4/3/2025,
14,98,7,1,0,7,ST042,4/3/2025,
15,40,5,0,0,7,ST042,4/3/2025,
16,126,20,1,0,7,ST042,4/3/2025,
17,unc ,128,10,0,7,ST042,4/3/2025,
18,3,0,,0,7,ST042,4/3/2025,
19,0,0,,0,7,ST042,4/3/2025,
20,216,15,3,0,7,ST042,4/3/2025,
21,unc ,311,16,0,7,ST042,4/3/2025,
22,unc ,59,5,0,7,ST042,4/3/2025,
23,1,0,,0,7,ST042,4/3/2025,
24,0,0,,0,7,ST042,4/3/2025,
25,12,0,,0,7,ST042,4/3/2025,
1,0,0,0,0,9,ST042,4/3/2025,
2,48,4,1,0,9,ST042,4/3/2025,
3,0,0,0,0,9,ST042,4/3/2025,
4,20,6,0,0,9,ST042,4/3/2025,
5,1,0,0,0,9,ST042,4/3/2025,
6,5,0,0,0,9,ST042,4/3/2025,
7,0,0,0,0,9,ST042,4/3/2025,
8,52,8,2,0,9,ST042,4/3/2025,
9,29,4,1,0,9,ST042,4/3/2025,
10,0,0,0,0,9,ST042,4/3/2025,
11,unc ,unc,66,0,9,ST042,4/3/2025,
12,unc ,189,19,0,9,ST042,4/3/2025,
13,1,0,0,0,9,ST042,4/3/2025,
14,0,0,0,0,9,ST042,4/3/2025,
15,8,1,0,0,9,ST042,4/3/2025,
16,3,0,0,0,9,ST042,4/3/2025,
17,unc ,unc,65,0,9,ST042,4/3/2025,
18,0,0,0,0,9,ST042,4/3/2025,
19,6,1,0,0,9,ST042,4/3/2025,
20,2,0,0,0,9,ST042,4/3/2025,
21,unc ,252,26,0,9,ST042,4/3/2025,
22,32,5,0,0,9,ST042,4/3/2025,
23,unc ,unc,31,0,9,ST042,4/3/2025,
24,1,1,0,0,9,ST042,4/3/2025,
25,33,2,0,0,9,ST042,4/3/2025,
1,0,0,,,1,ST047,4/30/2025,
2,0,0,,,1,ST047,4/30/2025,
3,3,0,,,1,ST047,4/30/2025,
4,0,0,,,1,ST047,4/30/2025,
5,0,0,,,1,ST047,4/30/2025,
6,0,0,,,1,ST047,4/30/2025,
7,0,0,,,1,ST047,4/30/2025,
8,0,0,,,1,ST047,4/30/2025,
9,0,0,,,1,ST047,4/30/2025,
10,137,13,,,1,ST047,4/30/2025,
11,119,13,,,1,ST047,4/30/2025,
12,0,0,,,1,ST047,4/30/2025,
13,1,0,,,1,ST047,4/30/2025,
14,0,0,,,1,ST047,4/30/2025,
15,0,0,,,1,ST047,4/30/2025,
16,0,0,,,1,ST047,4/30/2025,
17,2,0,,,1,ST047,4/30/2025,
18,0,0,,,1,ST047,4/30/2025,
19,1,0,,,1,ST047,4/30/2025,
20,2,0,,,1,ST047,4/30/2025,
21,0,0,,,1,ST047,4/30/2025,
22,0,0,,,1,ST047,4/30/2025,
23,0,0,,,1,ST047,4/30/2025,
24,0,0,,,1,ST047,4/30/2025,
25,0,0,,,1,ST047,4/30/2025,
1,0,0,,,3,ST047,4/30/2025,
2,0,0,,,3,ST047,4/30/2025,
3,0,0,,,3,ST047,4/30/2025,
4,0,0,,,3,ST047,4/30/2025,
5,0,0,,,3,ST047,4/30/2025,
6,0,0,,,3,ST047,4/30/2025,
7,0,0,,,3,ST047,4/30/2025,
8,0,0,,,3,ST047,4/30/2025,
9,0,0,,,3,ST047,4/30/2025,
10,0,0,,,3,ST047,4/30/2025,
11,0,0,,,3,ST047,4/30/2025,
12,0,0,,,3,ST047,4/30/2025,
13,0,0,,,3,ST047,4/30/2025,
14,0,0,,,3,ST047,4/30/2025,
15,2,0,,,3,ST047,4/30/2025,
16,0,0,,,3,ST047,4/30/2025,
17,0,0,,,3,ST047,4/30/2025,
18,0,0,,,3,ST047,4/30/2025,
19,0,0,,,3,ST047,4/30/2025,
20,0,0,,,3,ST047,4/30/2025,
21,1,0,,,3,ST047,4/30/2025,
22,0,0,,,3,ST047,4/30/2025,
23,0,0,,,3,ST047,4/30/2025,
24,0,0,,,3,ST047,4/30/2025,
25,0,0,,,3,ST047,4/30/2025,
1,0,0,,,5,ST047,4/30/2025,
2,41,3,,,5,ST047,4/30/2025,
3,0,0,,,5,ST047,4/30/2025,
4,0,0,,,5,ST047,4/30/2025,
5,0,0,,,5,ST047,4/30/2025,
6,66,11,,,5,ST047,4/30/2025,
7,0,0,,,5,ST047,4/30/2025,
8,4,0,,,5,ST047,4/30/2025,
9,0,0,,,5,ST047,4/30/2025,
10,0,0,,,5,ST047,4/30/2025,
11,0,0,,,5,ST047,4/30/2025,
12,0,0,,,5,ST047,4/30/2025,
13,0,0,,,5,ST047,4/30/2025,
14,7,0,,,5,ST047,4/30/2025,
15,59,7,,,5,ST047,4/30/2025,
16,unc,121,,,5,ST047,4/30/2025,
17,0,0,,,5,ST047,4/30/2025,
18,1,0,,,5,ST047,4/30/2025,
19,2,0,,,5,ST047,4/30/2025,
20,0,0,,,5,ST047,4/30/2025,
21,1,0,,,5,ST047,4/30/2025,
22,0,0,,,5,ST047,4/30/2025,
23,2,0,,,5,ST047,4/30/2025,
24,73,12,,,5,ST047,4/30/2025,
25,0,0,,,5,ST047,4/30/2025,
1,1,0,0,,7,ST047,4/30/2025,
2,0,0,0,,7,ST047,4/30/2025,
3,0,0,0,,7,ST047,4/30/2025,
4,0,0,0,,7,ST047,4/30/2025,
5,0,0,0,,7,ST047,4/30/2025,
6,unc,159,16,,7,ST047,4/30/2025,
7,0,0,0,,7,ST047,4/30/2025,
8,5,0,0,,7,ST047,4/30/2025,
9,0,0,0,,7,ST047,4/30/2025,
10,unc,66,6,,7,ST047,4/30/2025,
11,10,1,0,,7,ST047,4/30/2025,
12,4,0,0,,7,ST047,4/30/2025,
13,0,0,0,,7,ST047,4/30/2025,
14,0,0,0,,7,ST047,4/30/2025,
15,1,0,0,,7,ST047,4/30/2025,
16,1,0,0,,7,ST047,4/30/2025,
17,0,0,0,,7,ST047,4/30/2025,
18,0,0,0,,7,ST047,4/30/2025,
19,unc,129,10,,7,ST047,4/30/2025,
20,unc,302,62,,7,ST047,4/30/2025,
21,0,0,0,,7,ST047,4/30/2025,
22,1,0,1,,7,ST047,4/30/2025,
23,4,1,0,,7,ST047,4/30/2025,
24,5,0,0,,7,ST047,4/30/2025,
25,0,0,0,,7,ST047,4/30/2025,
1,2,0,0,,9,ST047,4/30/2025,
2,unc,94,5,,9,ST047,4/30/2025,
3,0,0,0,,9,ST047,4/30/2025,
4,1,1,0,,9,ST047,4/30/2025,
5,3,0,0,,9,ST047,4/30/2025,
6,213,29,4,,9,ST047,4/30/2025,
7,7,0,0,,9,ST047,4/30/2025,
8,7,0,0,,9,ST047,4/30/2025,
9,0,0,0,,9,ST047,4/30/2025,
10,0,0,0,,9,ST047,4/30/2025,
11,1,0,0,,9,ST047,4/30/2025,
12,1,0,0,,9,ST047,4/30/2025,
13,unc,124,9,,9,ST047,4/30/2025,
14,11,0,0,,9,ST047,4/30/2025,
15,3,1,0,,9,ST047,4/30/2025,
16,7,1,0,,9,ST047,4/30/2025,
17,1,0,0,,9,ST047,4/30/2025,
18,unc,72,2,,9,ST047,4/30/2025,
19,0,0,0,,9,ST047,4/30/2025,
20,unc,195,27,,9,ST047,4/30/2025,
21,357,37,10,,9,ST047,4/30/2025,
22,231,16,1,,9,ST047,4/30/2025,
23,0,0,0,,9,ST047,4/30/2025,
24,0,0,0,,9,ST047,4/30/2025,
25,0,0,0,,9,ST047,4/30/2025,