Worm #,CFU_22,CFU_222,CFU_2222,Day
1,500,36,2,1
2,0,0,0,1
3,0,0,0,1
4,175,13,0,1
5,21,0,1,1
6,15,2,0,1
7,107,11,0,1
8,8,0,0,1
9,0,0,0,1
10,1,0,0,1
11,0,0,0,1
12,2,0,0,1
13,2,0,0,1
14,0,0,0,1
15,37,6,2,1
16,0,0,0,1
17,25,1,2,1
18,5,1,0,1
19,35,3,1,1
20,25,2,0,1
21,0,0,0,1
22,221,20,2,1
23,16,2,0,1
24,0,0,0,1
25,0,0,0,1
26,463,45,7,1
27,0,0,0,1
28,0,0,0,1
29,7,1,1,1
30,63,8,2,1
31,128,8,2,1
32,0,0,0,1
33,50,7,0,1
34,131,13,0,1
35,0,0,0,1
36,245,21,2,1
37,0,0,0,1
38,186,19,1,1
39,2,0,0,1
40,1,0,0,1
41,0,0,0,1
42,0,0,0,1
43,0,0,0,1
44,2,0,0,1
45,6,0,0,1
46,1,0,0,1
47,27,4,0,1
48,0,0,0,1
49,0,0,0,1
50,3,0,0,1
51,0,0,0,1
52,65,4,0,1
53,10,1,0,1
54,0,0,0,1
55,130,10,1,1
56,1,0,0,1
57,57,12,3,1
58,0,0,0,1
59,0,0,0,1
60,0,0,0,1
61,44,5,1,1
62,0,0,0,1
63,1,0,0,1
64,0,0,0,1
65,0,0,0,1
66,0,0,0,1
67,0,0,0,1
68,0,0,0,1
69,0,0,0,1
70,0,0,0,1
71,65,8,0,1
72,30,2,0,1
73,0,0,0,1
74,0,0,0,1
75,1,0,0,1
76,0,0,0,1
77,0,0,0,1
78,0,0,0,1
79,178,25,2,1
80,0,0,0,1
81,4,0,0,1
82,0,0,0,1
83,2,1,0,1
84,61,5,1,1
85,115,9,2,1
86,3,0,0,1
87,0,0,0,1
88,0,0,0,1
89,90,8,2,1
90,0,0,0,1
91,0,0,0,1
92,1,0,0,1
93,0,0,0,1
94,0,0,0,1
95,0,0,0,1
96,0,0,0,1
97,0,0,0,1
98,0,0,0,1
99,0,0,0,1
100,13,0,0,1
101,58,1,0,1
102,5,0,0,1
103,0,0,0,1
104,92,5,1,1
105,4,0,0,1
106,0,0,0,1
107,0,0,0,1
108,0,0,0,1
109,35,4,0,1
110,91,9,1,1
111,0,0,0,1
112,0,0,0,1
113,211,19,3,1
114,0,0,0,1
115,0,0,0,1
116,0,0,0,1
117,23,4,2,1
118,9,1,0,1
119,11,0,0,1
120,45,6,1,1
121,0,0,0,1
122,1,0,0,1
123,0,0,0,1
124,0,0,0,1
125,14,1,0,1
126,59,4,0,1
127,176,16,5,1
128,1,0,0,1
129,632,58,4,1
130,8,2,0,1
131,0,0,0,1
132,64,7,0,1
133,12,0,1,1
134,2,0,0,1
135,0,0,0,1
136,0,0,0,1
137,0,0,0,1
138,220,31,2,1
139,0,0,0,1
140,0,0,0,1
141,514,41,7,1
142,0,0,0,1
143,7,0,0,1
144,0,0,0,1
145,0,0,0,1
146,0,0,0,1
147,0,0,0,1
148,165,20,2,1
149,3,0,0,1
150,0,0,0,1
151,10,1,0,1
152,0,0,0,1
153,0,0,0,1
154,1,0,0,1
155,0,0,0,1
156,0,0,0,1
157,127,24,2,1
158,4,2,0,1
159,0,0,0,1
160,7,1,0,1
161,0,0,0,1
162,7,0,0,1
163,0,0,0,1
164,2,0,0,1
165,0,0,0,1
166,6,1,0,1
167,0,0,0,1
168,0,0,0,1
169,19,1,0,1
170,0,0,0,1
171,0,0,0,1
172,0,0,0,1
173,0,0,0,1
174,11,3,0,1
175,0,0,0,1
176,11,0,0,1
177,6,0,0,1
178,0,0,0,1
179,0,0,0,1
180,0,0,0,1
181,1,0,0,1
182,0,0,0,1
183,0,0,0,1
184,26,2,0,1
185,330,35,2,1
186,0,0,0,1
187,85,8,0,1
188,0,0,0,1
189,0,0,0,1
190,89,10,0,1
191,3,0,0,1
192,0,0,0,1
193,0,0,0,1
194,85,7,1,1
195,7,0,0,1
196,0,0,0,1
197,1,0,0,1
198,8,0,0,1
199,0,0,0,1
200,63,5,1,1
201,0,0,0,1
202,0,0,0,1
203,2,0,0,1
204,0,0,0,1
205,0,0,0,1
206,0,0,0,1
207,0,0,0,1
208,0,0,0,1
209,163,15,3,1
210,0,0,0,1
211,0,0,0,1
212,0,0,0,1
213,9,1,0,1
214,2,0,0,1
215,130,14,3,1
216,0,0,0,1
217,8,0,0,1
218,0,0,0,1
219,0,0,0,1
220,0,0,0,1
221,60,8,1,1
222,0,0,0,1
223,56,5,1,1
224,9,0,0,1
225,58,8,0,1
226,0,0,0,1
227,0,0,0,1
228,2,0,0,1
229,3,0,0,1
230,22,5,0,1
231,2,0,0,1
232,2,0,0,1
233,0,0,0,1
234,0,0,0,1
235,3,1,0,1
236,63,11,1,1
237,3,0,0,1
238,3,0,0,1
239,0,0,0,1
240,0,0,0,1
241,12,1,0,1
242,0,0,0,1
243,0,0,0,1
244,0,0,0,1
245,0,0,0,1
246,0,0,0,1
247,8,0,0,1
248,0,0,0,1
249,0,0,0,1
250,0,0,0,1
251,3,0,0,1
252,0,0,0,1
253,32,3,0,1
254,40,3,1,1
255,0,0,0,1
256,0,0,0,1
257,101,9,1,1
258,37,3,0,1
259,0,0,0,1
260,0,0,0,1
261,0,0,0,1
262,246,22,1,1
263,0,0,0,1
264,11,1,0,1
265,0,0,0,1
266,0,0,0,1
267,0,0,0,1
268,0,0,0,1
269,159,17,1,1
270,0,0,0,1
271,5,0,0,1
272,0,0,0,1
273,83,14,0,1
274,0,0,0,1
275,387,33,3,1
276,30,3,0,1
277,51,3,0,1
278,10,0,0,1
279,42,6,1,1
280,0,0,0,1
281,111,11,0,1
282,244,31,1,1
283,0,0,0,1
284,1,0,0,1
285,0,0,0,1
286,0,0,0,1
287,324,39,5,1
288,0,0,0,1
289,0,0,0,1
290,0,0,0,1
291,0,0,0,1
292,9,0,0,1
293,0,0,0,1
294,0,0,0,1
295,0,0,0,1
296,0,0,0,1
297,0,0,0,1
298,0,0,0,1
299,144,3,0,1
300,0,0,0,1
301,0,0,0,1
302,0,0,0,1
303,0,0,0,1
304,0,0,0,1
305,60,4,1,1
306,9,1,0,1
307,0,0,0,1
308,32,2,0,1
309,181,13,1,1
310,12,0,0,1
311,92,6,0,1
312,550,53,9,1
313,0,1,0,1
314,0,0,0,1
315,0,0,0,1
316,103,10,3,1
317,0,0,0,1
318,1,0,0,1
319,0,0,0,1
320,0,0,0,1
321,6,3,0,1
322,0,0,0,1
323,0,0,0,1
324,0,0,0,1
325,9,0,0,1
326,2,0,0,1
327,0,0,0,1
328,0,0,0,1
329,44,7,0,1
330,642,75,8,1
331,0,0,0,1
332,2,0,0,1
333,0,0,0,1
334,6,2,0,1
335,0,0,0,1
336,0,0,0,1
337,16,2,0,1
338,0,0,0,1
339,0,0,0,1
340,0,0,0,1
341,0,0,0,1
342,0,0,0,1
343,0,0,0,1
344,0,0,0,1
345,5,1,0,1
346,363,41,10,1
347,0,0,0,1
348,13,0,0,1
349,0,0,0,1
350,4,3,0,1
351,8,1,0,1
352,228,38,2,1
353,1,0,0,1
354,63,13,3,1
355,0,0,0,1
356,7,0,0,1
357,0,0,0,1
358,0,0,0,1
359,0,0,0,1
360,0,0,0,1
361,9,0,0,1
362,193,17,4,1
363,0,0,0,1
364,28,3,0,1
365,9,1,0,1
366,1,0,0,1
367,86,7,0,1
368,1,0,0,1
369,0,0,0,1
370,22,5,0,1
371,0,0,0,1
372,0,0,0,1
373,0,0,0,1
374,0,1,0,1
375,0,0,0,1
376,0,1,0,1
377,0,0,0,1
378,0,0,0,1
379,20,2,0,1
380,16,2,0,1
381,0,0,0,1
382,20,0,0,1
383,0,0,0,1
384,0,0,0,1
385,0,0,0,1
386,0,0,0,1
387,5,0,1,1
388,10,1,0,1
389,111,10,0,1
390,147,12,0,1
391,53,8,1,1
392,385,38,1,1
393,0,0,0,1
394,0,0,0,1
395,23,1,0,1
396,0,0,0,1
397,0,0,0,1
398,0,0,0,1
399,2,0,0,1
400,0,0,0,1
401,76,6,0,1
402,0,0,0,1
403,0,0,0,1
404,89,13,3,1
405,0,0,0,1
406,0,0,0,1
407,0,0,0,1
408,102,18,2,1
409,0,0,0,1
410,0,0,0,1
411,68,8,1,1
412,13,0,0,1
413,2,0,0,1
414,252,27,0,1
415,102,12,0,1
416,0,0,0,1
417,203,24,2,1
418,9,1,0,1
419,0,0,0,1
420,0,0,0,1
421,0,0,0,1
422,0,0,0,1
423,28,3,0,1
424,0,0,0,1
425,0,0,0,1
426,2,0,0,1
427,0,0,0,1
428,1,0,0,1
429,0,0,0,1
430,5,0,0,1
431,0,0,0,1
432,0,0,0,1
433,0,0,0,1
434,1,0,0,1
435,1,0,0,1
436,0,0,0,1
437,0,0,0,1
438,0,0,0,1
439,162,12,0,1
440,0,0,0,1
441,131,11,2,1
442,0,0,0,1
443,0,0,0,1
444,0,0,0,1
445,0,0,0,1
446,84,10,2,1
447,140,16,0,1
448,0,0,0,1
449,0,0,0,1
450,0,0,0,1
451,0,0,0,1
452,0,0,0,1
453,30,0,1,1
454,45,2,0,1
455,4,0,0,1
456,4,0,0,1
457,208,13,1,1
458,11,1,0,1
459,6,0,0,1
460,0,0,0,1
461,43,3,0,1
462,0,0,0,1
463,0,0,0,1
464,0,0,0,1
465,0,0,0,1
466,14,1,1,1
467,13,3,0,1
468,20,1,0,1
469,0,0,0,1
470,81,9,3,1
471,0,0,0,1
472,238,32,1,1
473,0,0,0,1
474,44,7,1,1
475,55,1,1,1
476,0,0,0,1
477,0,0,0,1
478,0,0,0,1
479,0,0,0,1
480,0,0,0,1
481,0,0,0,1
482,0,0,0,1
483,0,0,0,1
484,0,0,0,1
485,0,0,0,1
486,0,0,0,1
487,0,0,0,1
488,0,0,0,1
489,0,0,0,1
490,0,0,0,1
491,213,18,3,1
492,0,0,0,1
493,0,0,0,1
494,0,0,0,1
495,0,0,0,1
496,9,2,1,1
497,0,0,0,1
498,0,0,0,1
499,1,0,0,1
500,11,2,0,1
501,0,0,0,1
502,2,1,0,1
503,0,0,0,1
504,9,0,0,1
505,41,2,0,1
506,1,0,1,1
507,1,0,0,1
508,0,0,0,1
509,4,2,0,1
510,0,0,0,1
511,6,0,0,1
512,0,0,0,1
513,0,0,0,1
514,629,72,5,1
515,0,0,0,1
516,10,1,0,1
517,0,0,0,1
518,0,0,0,1
519,144,13,0,1
520,0,0,0,1
521,0,0,0,1
522,0,0,0,1
523,1,0,0,1
524,0,0,0,1
525,13,0,0,1
526,0,0,0,1
527,0,0,0,1
528,0,0,0,1
529,0,0,0,1
530,0,0,0,1
531,9,0,0,1
532,0,0,0,1
533,0,0,0,1
534,0,1,0,1
535,37,2,2,1
536,0,0,0,1
537,2,0,0,1
538,0,0,0,1
539,0,0,0,1
540,0,0,0,1
541,226,19,2,1
542,259,23,1,1
543,9,0,0,1
544,121,16,0,1
545,201,21,0,1
546,0,0,0,1
547,0,0,0,1
548,366,38,3,1
549,11,0,0,1
550,2,1,0,1
551,41,4,1,1
552,6,0,0,1
553,0,0,0,1
554,0,0,0,1
555,0,0,0,1
556,0,0,0,1
557,19,1,0,1
558,3,0,0,1
559,8,1,0,1
560,0,0,0,1
561,2,0,0,1
562,22,3,1,1
563,3,0,0,1
564,0,0,0,1
565,0,0,0,1
566,7,2,0,1
567,0,0,0,1
568,0,0,0,1
569,0,0,0,1
570,1,1,0,1
571,135,11,2,1
572,39,6,0,1
573,30,2,2,1
574,15,0,0,1
575,1,0,0,1
576,0,0,0,1
577,5,1,0,1
578,30,3,1,1
579,446,46,3,1
580,0,0,0,1
581,0,0,0,1
582,0,0,0,1
583,16,2,0,1
584,56,2,0,1
585,3,0,0,1
586,0,0,0,1
587,45,6,1,1
588,8,1,0,1
589,0,0,0,1
590,0,0,0,1
591,0,1,0,1
592,64,3,0,1
593,66,6,1,1
594,0,0,0,1
595,0,0,0,1
596,0,0,0,1
597,0,0,0,1
598,0,0,0,1
599,56,3,0,1
600,0,0,0,1
601,0,0,0,1
602,17,1,0,1
603,303,26,5,1
604,11,1,0,1
605,106,12,0,1
606,0,0,0,1
607,0,0,0,1
608,186,18,4,1
609,0,0,0,1
610,472,47,7,1
611,0,0,0,1
612,168,13,0,1
613,0,0,0,1
614,0,0,0,1
615,6,1,0,1
616,0,0,0,1
617,178,13,1,1
618,5,1,0,1
619,0,0,0,1
620,0,0,0,1
621,120,19,0,1
622,152,15,3,1
623,3,1,0,1
624,0,0,0,1
625,0,0,0,1
626,0,0,0,1
627,63,7,0,1
628,20,1,0,1
629,0,0,0,1
630,0,0,0,1
631,3,1,0,1
632,0,0,0,1
633,0,0,0,1
634,0,0,0,1
635,16,0,0,1
636,25,4,1,1
637,0,0,0,1
638,0,0,0,1
639,0,0,0,1
640,0,0,1,1
641,79,11,0,1
642,0,0,0,1
643,0,0,0,1
644,0,0,0,1
645,0,0,0,1
646,288,22,3,1
647,180,14,0,1
648,10,2,1,1
649,93,12,0,1
650,36,6,1,1
651,0,0,0,1
652,0,0,0,1
653,0,0,0,1
654,0,0,0,1
655,1,0,0,1
656,0,0,0,1
657,0,0,0,1
658,1,1,0,1
659,77,7,1,1
660,17,0,0,1
661,0,0,0,1
662,0,0,0,1
663,2,0,0,1
664,13,0,0,1
665,0,0,0,1
666,0,0,0,1
667,5,0,0,1
668,66,5,0,1
669,3,1,0,1
670,2,0,0,1
671,273,19,1,1
672,0,0,0,1
673,164,6,1,1
674,3,1,0,1
675,3,0,0,1
676,0,0,0,1
677,0,0,0,1
678,0,0,0,1
679,1,0,0,1
680,0,0,0,1
681,0,0,0,1
682,0,0,0,1
683,0,0,0,1
684,0,0,0,1
685,0,0,0,1
686,0,0,0,1
687,0,0,0,1
688,0,0,0,1
689,0,0,0,1
690,26,3,1,1
691,32,4,0,1
692,0,0,0,1
693,0,0,0,1
694,1,0,0,1
695,0,0,0,1
696,0,0,0,1
697,1,0,0,1
698,0,0,0,1
699,0,0,0,1
700,44,2,0,1
701,0,0,0,1
702,155,10,2,1
703,0,0,0,1
704,0,0,0,1
705,0,0,0,1
706,0,0,0,1
707,16,1,0,1
708,0,0,0,1
709,0,0,0,1
710,0,0,0,1
711,36,2,0,1
712,0,0,0,1
713,35,6,0,1
714,0,0,0,1
715,0,0,0,1
716,238,24,1,1
717,0,0,0,1
718,0,0,0,1
719,0,0,0,1
720,0,0,0,1
721,63,8,0,1
722,58,2,1,1
723,75,7,0,1
724,0,0,0,1
725,12,0,0,1
726,140,17,3,1
727,0,0,0,1
728,0,0,0,1
729,164,14,1,1
730,2,0,0,1
731,0,0,0,1
732,0,0,0,1
733,0,0,0,1
734,0,0,0,1
735,0,0,0,1
736,1,0,0,1
737,0,0,0,1
738,37,3,0,1
739,0,0,0,1
740,0,0,0,1
741,0,0,0,1
742,0,0,0,1
743,24,1,0,1
744,0,0,0,1
745,32,4,0,1
746,0,0,0,1
747,293,23,3,1
748,0,0,0,1
749,0,0,0,1
750,12,0,0,1
1,0,0,0,3
2,1296,138,14,3
3,510,55,4,3
4,115,14,1,3
5,499,56,6,3
6,3,1,0,3
7,1,0,0,3
8,937,103,15,3
9,2148,196,16,3
10,0,0,0,3
11,0,0,0,3
12,83,4,0,3
13,588,60,10,3
14,218,25,2,3
15,649,65,7,3
16,73,9,0,3
17,34,4,0,3
18,0,0,0,3
19,735,79,8,3
20,2497,224,24,3
21,52,10,1,3
22,2001,233,26,3
23,1675,183,9,3
24,736,66,2,3
25,0,0,0,3
26,813,73,7,3
27,1371,145,17,3
28,2034,206,16,3
29,196,17,2,3
30,1207,134,7,3
31,802,67,7,3
32,2239,224,24,3
33,1,1,0,3
34,640,65,6,3
35,2562,277,31,3
36,1337,139,14,3
37,655,70,2,3
38,4876,494,47,3
39,868,111,13,3
40,1893,168,24,3
41,150,15,0,3
42,211,20,6,3
43,963,100,10,3
44,1529,139,12,3
45,5313,513,54,3
46,142,13,3,3
47,0,0,0,3
48,707,71,9,3
49,4986,502,43,3
50,686,63,5,3
51,0,0,0,3
52,250,24,1,3
53,552,69,6,3
54,5231,581,51,3
55,6139,618,83,3
56,85,10,0,3
57,203,15,2,3
58,13,0,0,3
59,5199,501,53,3
60,550,59,1,3
61,921,94,10,3
62,1585,154,16,3
63,2393,234,19,3
64,412,47,2,3
65,656,58,12,3
66,2133,211,21,3
67,839,65,12,3
68,102,10,1,3
69,5240,530,61,3
70,982,93,7,3
71,0,0,0,3
72,5620,504,60,3
73,1082,111,13,3
74,1380,129,13,3
75,2515,239,25,3
76,5967,639,83,3
77,903,105,7,3
78,959,89,13,3
79,1161,127,9,3
80,5906,598,61,3
81,786,72,5,3
82,2339,226,20,3
83,431,46,7,3
84,1684,162,22,3
85,166,18,3,3
86,4569,428,40,3
87,117,9,0,3
88,1094,93,10,3
89,0,0,0,3
90,650,59,8,3
91,148,18,0,3
92,963,99,10,3
93,6005,647,63,3
94,253,26,2,3
95,452,42,5,3
96,1626,172,15,3
97,269,34,3,3
98,221,32,2,3
99,56,2,2,3
100,1008,77,13,3
101,877,86,8,3
102,832,77,14,3
103,68,6,1,3
104,1157,114,14,3
105,530,57,6,3
106,1545,166,17,3
107,2104,204,27,3
108,183,11,3,3
109,487,45,4,3
110,1192,125,10,3
111,2,0,0,3
112,727,96,6,3
113,588,60,9,3
114,0,0,0,3
115,1563,141,14,3
116,1291,111,11,3
117,477,42,6,3
118,1012,92,8,3
119,1891,184,22,3
120,1332,136,14,3
121,1688,202,30,3
122,915,103,17,3
123,993,103,11,3
124,796,81,8,3
125,1101,128,9,3
126,424,47,1,3
127,823,85,4,3
128,308,33,1,3
129,930,95,9,3
130,1231,132,13,3
131,1590,159,13,3
132,0,0,0,3
133,230,28,0,3
134,271,25,1,3
135,675,56,1,3
136,5754,591,54,3
137,63,5,0,3
138,1214,124,12,3
139,487,52,4,3
140,939,95,6,3
141,134,16,1,3
142,2259,209,26,3
143,0,0,0,3
144,877,75,9,3
145,1617,166,22,3
146,787,89,3,3
147,0,0,0,3
148,346,32,3,3
149,551,50,3,3
150,178,18,2,3
151,791,71,6,3
152,1264,144,21,3
153,1784,177,17,3
154,2339,242,17,3
155,255,25,3,3
156,1197,85,10,3
157,426,34,7,3
158,722,58,6,3
159,626,63,6,3
160,1034,103,6,3
161,1048,107,10,3
162,969,92,9,3
163,120,12,2,3
164,2360,220,19,3
165,2587,245,24,3
166,631,65,7,3
167,1016,89,10,3
168,208,24,4,3
169,1198,113,8,3
170,4198,384,43,3
171,5056,476,55,3
172,0,0,0,3
173,105,12,1,3
174,123,12,2,3
175,11,0,0,3
176,248,23,1,3
177,239,21,4,3
178,1104,107,12,3
179,120,5,1,3
180,1748,174,19,3
181,212,22,2,3
182,1069,123,11,3
183,1086,99,14,3
184,248,25,3,3
185,718,83,7,3
186,180,22,1,3
187,5903,583,66,3
188,888,94,8,3
189,182,20,1,3
190,2026,215,14,3
191,1465,141,9,3
192,263,39,0,3
193,608,62,9,3
194,124,17,4,3
195,0,0,0,3
196,2,0,0,3
197,103,5,1,3
198,0,0,0,3
199,0,0,0,3
200,113,17,1,3
201,1454,146,18,3
202,200,22,2,3
203,1380,156,11,3
204,2082,217,27,3
205,0,0,0,3
206,694,70,10,3
207,799,77,12,3
208,0,0,0,3
209,212,15,2,3
210,464,48,3,3
211,1386,132,17,3
212,29,2,0,3
213,7436,781,71,3
214,967,93,9,3
215,1217,130,11,3
216,8,0,0,3
217,1782,172,28,3
218,608,62,4,3
219,1074,110,12,3
220,1111,120,16,3
221,0,0,0,3
222,1207,121,10,3
223,1061,119,4,3
224,983,93,10,3
225,105,14,0,3
226,665,66,7,3
227,511,48,4,3
228,908,80,12,3
229,513,53,4,3
230,1008,93,14,3
231,819,106,12,3
232,71,8,1,3
233,880,80,8,3
234,514,39,10,3
235,241,21,3,3
236,933,79,8,3
237,6005,568,57,3
238,1087,116,7,3
239,134,16,0,3
240,680,72,6,3
241,4241,431,44,3
242,686,61,8,3
243,99,9,2,3
244,961,84,8,3
245,936,94,12,3
246,0,0,0,3
247,216,28,1,3
248,553,50,7,3
249,242,24,1,3
250,25,3,0,3
251,897,103,9,3
252,133,12,2,3
253,242,17,0,3
254,0,0,0,3
255,368,45,6,3
256,64,4,0,3
257,125,15,2,3
258,0,0,0,3
259,943,78,6,3
260,33,6,1,3
261,0,0,0,3
262,833,99,6,3
263,1,0,0,3
264,222,26,3,3
265,5097,552,44,3
266,22,2,0,3
267,816,103,7,3
268,4674,449,44,3
269,810,93,4,3
270,5555,564,45,3
271,88,10,2,3
272,1038,107,9,3
273,95,13,1,3
274,915,71,8,3
275,4359,428,43,3
276,2228,218,18,3
277,264,19,2,3
278,1140,116,9,3
279,217,26,3,3
280,333,33,3,3
281,469,42,6,3
282,1382,127,13,3
283,1230,122,10,3
284,767,89,6,3
285,260,20,3,3
286,1761,157,21,3
287,161,17,0,3
288,855,105,8,3
289,256,31,3,3
290,245,26,0,3
291,4970,521,57,3
292,462,48,5,3
293,551,46,6,3
294,968,94,14,3
295,211,29,2,3
296,1,0,0,3
297,858,79,8,3
298,42,2,0,3
299,1074,96,10,3
300,761,63,5,3
301,313,25,3,3
302,1593,169,26,3
303,570,48,8,3
304,1062,105,6,3
305,247,21,3,3
306,500,47,6,3
307,1080,108,14,3
308,1324,132,13,3
309,1136,135,14,3
310,860,79,8,3
311,412,40,6,3
312,2586,247,22,3
313,4808,467,43,3
314,1698,146,18,3
315,467,43,4,3
316,115,15,0,3
317,1037,98,11,3
318,416,47,3,3
319,1608,179,15,3
320,157,22,2,3
321,1042,118,9,3
322,226,23,2,3
323,136,15,4,3
324,784,80,8,3
325,806,74,8,3
326,0,0,0,3
327,20,5,0,3
328,213,34,2,3
329,0,0,0,3
330,1658,163,15,3
331,106,14,2,3
332,809,96,10,3
333,275,28,3,3
334,508,56,7,3
335,561,47,5,3
336,899,79,6,3
337,85,7,0,3
338,953,87,9,3
339,672,58,11,3
340,1295,122,14,3
341,6032,589,70,3
342,171,20,2,3
343,163,6,0,3
344,425,41,5,3
345,0,0,0,3
346,1425,146,10,3
347,1422,130,11,3
348,1001,77,7,3
349,0,0,0,3
350,2945,306,39,3
351,5829,546,56,3
352,772,68,9,3
353,966,93,11,3
354,727,71,8,3
355,0,0,0,3
356,529,51,3,3
357,1508,127,14,3
358,140,12,3,3
359,168,20,2,3
360,0,0,0,3
361,798,86,9,3
362,362,55,1,3
363,207,26,2,3
364,2811,306,26,3
365,93,10,0,3
366,0,0,0,3
367,903,86,6,3
368,1231,122,17,3
369,1011,94,10,3
370,1013,84,7,3
371,1,0,0,3
372,1059,117,12,3
373,0,0,0,3
374,4469,451,50,3
375,1582,134,13,3
376,222,23,1,3
377,2224,247,18,3
378,129,17,1,3
379,5259,518,57,3
380,1,0,0,3
381,5948,560,55,3
382,132,20,1,3
383,4422,465,63,3
384,151,13,1,3
385,954,113,9,3
386,220,17,4,3
387,177,23,2,3
388,1845,198,21,3
389,359,29,6,3
390,68,7,0,3
391,766,90,10,3
392,675,70,10,3
393,812,85,6,3
394,797,68,10,3
395,111,10,4,3
396,252,26,2,3
397,431,47,5,3
398,550,55,10,3
399,0,0,0,3
400,306,25,4,3
401,270,33,3,3
402,451,47,3,3
403,737,76,7,3
404,5220,499,52,3
405,6368,627,64,3
406,740,79,7,3
407,718,77,9,3
408,0,0,0,3
409,611,57,8,3
410,980,121,10,3
411,0,0,0,3
412,1240,126,15,3
413,1596,152,13,3
414,1093,108,14,3
415,415,52,7,3
416,129,18,0,3
417,718,70,8,3
418,1029,101,14,3
419,5053,513,36,3
420,1475,148,11,3
421,0,0,0,3
422,1853,170,22,3
423,2,0,0,3
424,1006,106,12,3
425,2717,280,31,3
426,206,20,0,3
427,846,97,9,3
428,133,5,3,3
429,1528,170,14,3
430,632,59,6,3
431,1629,161,11,3
432,5138,488,39,3
433,2749,279,29,3
434,855,70,8,3
435,1136,110,10,3
436,4772,471,33,3
437,150,17,3,3
438,847,75,7,3
439,457,49,6,3
440,3,1,0,3
441,6200,618,66,3
442,879,83,5,3
443,119,10,0,3
444,0,0,0,3
445,369,38,1,3
446,539,55,4,3
447,0,0,0,3
448,255,27,4,3
449,889,74,9,3
450,386,41,2,3
451,1097,88,15,3
452,27,0,0,3
453,3,1,0,3
454,1420,133,22,3
455,5636,538,58,3
456,0,0,0,3
457,185,21,2,3
458,432,44,4,3
459,1408,147,14,3
460,1,0,0,3
461,174,16,4,3
462,0,0,0,3
463,653,73,8,3
464,20,3,0,3
465,5846,603,77,3
466,1201,123,11,3
467,2151,237,22,3
468,25,3,0,3
469,683,72,5,3
470,192,19,4,3
471,1,0,0,3
472,698,73,5,3
473,1159,135,10,3
474,5,0,0,3
475,5296,484,61,3
476,173,18,0,3
477,187,19,2,3
478,779,82,6,3
479,999,80,15,3
480,1136,116,15,3
481,51,5,1,3
482,651,74,6,3
483,2040,225,19,3
484,1287,142,14,3
485,950,101,10,3
486,296,26,3,3
487,5,2,0,3
488,200,20,2,3
489,106,12,1,3
490,1532,151,19,3
491,346,39,1,3
492,1194,117,15,3
493,716,79,9,3
494,744,75,7,3
495,746,85,11,3
496,212,15,1,3
497,551,48,9,3
498,0,0,0,3
499,672,64,4,3
500,1528,153,10,3
501,5460,539,50,3
502,176,16,1,3
503,239,31,4,3
504,977,111,9,3
505,13,1,0,3
506,657,66,7,3
507,4939,493,52,3
508,4935,485,51,3
509,0,0,0,3
510,1546,150,13,3
511,106,7,0,3
512,419,41,3,3
513,1120,99,10,3
514,5324,535,44,3
515,357,32,2,3
516,78,9,0,3
517,1287,149,13,3
518,255,18,1,3
519,44,4,0,3
520,326,40,2,3
521,173,10,0,3
522,1417,134,15,3
523,235,17,5,3
524,926,89,12,3
525,5637,584,58,3
526,801,83,8,3
527,4,0,0,3
528,254,25,6,3
529,835,81,8,3
530,1517,148,19,3
531,1487,125,16,3
532,169,8,4,3
533,1063,96,9,3
534,1,0,0,3
535,678,69,8,3
536,1021,97,10,3
537,2036,202,27,3
538,184,17,3,3
539,336,31,1,3
540,0,0,0,3
541,2564,242,18,3
542,1036,114,12,3
543,739,63,8,3
544,1688,166,21,3
545,660,72,9,3
546,239,17,3,3
547,5379,536,60,3
548,464,41,2,3
549,1287,130,13,3
550,44,6,0,3
551,5140,510,51,3
552,29,5,0,3
553,962,103,7,3
554,783,78,6,3
555,4553,483,39,3
556,2052,213,23,3
557,937,91,13,3
558,203,22,3,3
559,561,63,9,3
560,1552,166,23,3
561,3567,343,38,3
562,799,66,5,3
563,5518,561,50,3
564,145,17,2,3
565,710,60,9,3
566,45,5,0,3
567,113,15,2,3
568,507,50,1,3
569,371,33,4,3
570,750,65,13,3
571,104,9,1,3
572,0,0,0,3
573,6525,642,61,3
574,115,9,2,3
575,620,78,5,3
576,1780,204,20,3
577,622,66,8,3
578,810,86,10,3
579,921,96,11,3
580,191,16,3,3
581,768,78,7,3
582,0,0,0,3
583,726,78,7,3
584,659,74,11,3
585,3,0,0,3
586,339,32,2,3
587,1326,135,13,3
588,477,48,4,3
589,6218,626,58,3
590,676,86,7,3
591,631,69,12,3
592,5538,576,66,3
593,242,21,2,3
594,749,76,9,3
595,1894,164,14,3
596,5391,538,43,3
597,5287,553,53,3
598,61,8,0,3
599,838,81,9,3
600,121,8,0,3
601,0,0,0,3
602,79,6,0,3
603,437,47,2,3
604,1190,126,12,3
605,2394,256,26,3
606,267,33,1,3
607,674,63,3,3
608,913,89,9,3
609,1,0,0,3
610,1840,198,19,3
611,6,0,0,3
612,600,57,5,3
613,929,108,6,3
614,161,23,2,3
615,4,0,0,3
616,1378,132,22,3
617,1,0,0,3
618,599,62,7,3
619,874,97,13,3
620,186,14,4,3
621,1479,151,12,3
622,140,17,2,3
623,141,14,0,3
624,838,66,17,3
625,631,72,12,3
626,3262,348,40,3
627,2177,200,16,3
628,4338,444,53,3
629,234,30,2,3
630,873,86,9,3
631,5454,589,51,3
632,213,13,3,3
633,2285,221,15,3
634,271,30,3,3
635,473,43,6,3
636,757,83,10,3
637,908,105,12,3
638,2630,262,23,3
639,0,0,0,3
640,1096,122,12,3
641,806,83,9,3
642,481,32,3,3
643,463,55,6,3
644,1486,169,16,3
645,632,59,10,3
646,3,1,0,3
647,511,52,5,3
648,5983,662,71,3
649,690,69,5,3
650,752,71,7,3
651,3949,369,35,3
652,2248,244,32,3
653,172,14,2,3
654,66,3,0,3
655,2876,321,34,3
656,265,20,2,3
657,4994,514,52,3
658,709,61,9,3
659,256,25,5,3
660,62,8,0,3
661,0,0,0,3
662,1,0,0,3
663,0,0,0,3
664,5117,502,44,3
665,456,45,6,3
666,234,26,2,3
667,4064,408,34,3
668,0,0,0,3
669,1207,129,14,3
670,1055,119,4,3
671,1331,133,21,3
672,2433,224,25,3
673,137,12,1,3
674,766,64,7,3
675,2058,211,20,3
676,2185,231,28,3
677,2353,249,15,3
678,865,92,8,3
679,64,7,1,3
680,0,0,0,3
681,2,1,0,3
682,1387,130,11,3
683,32,2,0,3
684,4974,509,46,3
685,518,58,4,3
686,0,0,0,3
687,1402,130,18,3
688,1897,189,19,3
689,1329,138,15,3
690,166,21,1,3
691,136,19,1,3
692,159,19,0,3
693,5484,567,60,3
694,1101,85,17,3
695,9,0,0,3
696,404,41,4,3
697,853,83,13,3
698,660,71,1,3
699,1442,148,15,3
700,214,27,1,3
701,1727,159,28,3
702,1541,167,18,3
703,1259,126,11,3
704,2613,249,12,3
705,5856,579,47,3
706,165,22,1,3
707,1625,149,18,3
708,0,0,0,3
709,2269,228,19,3
710,619,64,7,3
711,122,18,1,3
712,1563,155,16,3
713,180,18,0,3
714,844,77,11,3
715,1339,142,22,3
716,750,64,9,3
717,119,9,2,3
718,925,82,10,3
719,138,14,2,3
720,3228,325,32,3
721,917,110,7,3
722,719,59,4,3
723,684,70,8,3
724,6163,646,76,3
725,1014,94,13,3
726,774,70,7,3
727,1242,119,17,3
728,0,0,0,3
729,706,76,2,3
730,1727,209,17,3
731,1858,212,20,3
732,412,34,2,3
733,861,74,12,3
734,1020,133,9,3
735,2559,264,19,3
736,0,0,0,3
737,924,87,13,3
738,3,0,0,3
739,813,91,11,3
740,75,12,2,3
741,1138,114,11,3
742,6136,600,66,3
743,997,95,9,3
744,1994,172,14,3
745,712,72,1,3
746,175,15,1,3
747,680,78,6,3
748,2290,210,17,3
749,1166,111,7,3
750,383,38,6,3
1,1719,140,14,5
2,371,22,4,5
3,317,39,2,5
4,1572,165,20,5
5,553,62,7,5
6,1579,144,22,5
7,6728,676,56,5
8,2360,242,28,5
9,318,35,4,5
10,189,21,2,5
11,931,96,4,5
12,1533,156,17,5
13,4492,456,47,5
14,786,67,9,5
15,290,35,3,5
16,555,55,7,5
17,743,83,7,5
18,1489,147,10,5
19,199,21,0,5
20,1715,181,19,5
21,5947,591,69,5
22,563,52,4,5
23,4645,426,51,5
24,192,19,3,5
25,215,32,4,5
26,5988,587,56,5
27,1028,105,10,5
28,4951,509,51,5
29,858,85,10,5
30,488,45,8,5
31,381,49,4,5
32,1991,198,15,5
33,140,12,0,5
34,129,13,4,5
35,1045,116,16,5
36,4838,437,50,5
37,330,26,5,5
38,1699,174,15,5
39,1258,126,8,5
40,248,24,3,5
41,1301,122,14,5
42,487,43,2,5
43,941,79,10,5
44,1096,95,5,5
45,240,23,1,5
46,617,51,5,5
47,1309,119,10,5
48,1445,157,19,5
49,260,16,3,5
50,1057,105,10,5
51,173,23,2,5
52,256,31,0,5
53,5430,526,54,5
54,981,125,9,5
55,4994,491,53,5
56,43,5,1,5
57,184,22,1,5
58,163,16,1,5
59,582,50,6,5
60,201,17,1,5
61,775,75,5,5
62,636,66,6,5
63,1229,120,10,5
64,53,3,1,5
65,771,63,4,5
66,5218,539,49,5
67,2591,275,21,5
68,323,31,2,5
69,256,23,3,5
70,414,43,6,5
71,4542,489,39,5
72,615,87,4,5
73,180,16,2,5
74,5333,510,57,5
75,1861,181,13,5
76,603,62,7,5
77,1156,116,18,5
78,742,70,6,5
79,67,4,2,5
80,494,51,7,5
81,748,79,3,5
82,5793,606,54,5
83,867,100,9,5
84,647,76,10,5
85,170,13,1,5
86,151,13,1,5
87,1005,115,7,5
88,1124,139,4,5
89,1137,121,15,5
90,1415,124,19,5
91,207,19,2,5
92,643,72,12,5
93,967,84,8,5
94,277,25,1,5
95,1286,121,7,5
96,685,62,2,5
97,3603,353,31,5
98,798,88,7,5
99,393,40,5,5
100,2067,192,17,5
101,6171,614,60,5
102,2540,249,25,5
103,831,79,8,5
104,1124,108,11,5
105,266,23,3,5
106,235,19,2,5
107,1933,219,21,5
108,1234,147,11,5
109,880,82,7,5
110,1609,153,16,5
111,215,23,1,5
112,126,14,2,5
113,847,75,12,5
114,691,78,4,5
115,320,24,6,5
116,585,71,6,5
117,273,36,5,5
118,0,0,0,5
119,841,88,6,5
120,1141,123,10,5
121,66,7,0,5
122,219,24,3,5
123,641,58,8,5
124,791,88,8,5
125,2081,223,15,5
126,6204,661,54,5
127,87,9,0,5
128,40,3,0,5
129,2169,249,28,5
130,643,68,6,5
131,4866,492,58,5
132,570,60,7,5
133,1917,201,18,5
134,0,1,0,5
135,107,18,2,5
136,4060,391,32,5
137,202,10,1,5
138,788,68,7,5
139,352,44,1,5
140,4419,439,47,5
141,645,64,3,5
142,1032,111,6,5
143,110,14,1,5
144,730,87,12,5
145,204,21,2,5
146,366,35,4,5
147,14,0,0,5
148,2080,187,21,5
149,4538,484,49,5
150,1132,103,12,5
151,860,80,9,5
152,248,38,3,5
153,978,98,5,5
154,189,13,2,5
155,837,78,12,5
156,170,16,2,5
157,189,19,2,5
158,4884,478,45,5
159,801,74,13,5
160,724,67,6,5
161,2,0,0,5
162,1977,189,17,5
163,835,88,7,5
164,4513,479,45,5
165,448,38,6,5
166,298,21,4,5
167,266,21,3,5
168,92,9,0,5
169,31,1,1,5
170,236,20,1,5
171,548,48,3,5
172,1662,169,20,5
173,673,64,4,5
174,43,4,0,5
175,670,60,11,5
176,951,119,11,5
177,34,2,0,5
178,249,18,1,5
179,5476,527,46,5
180,1717,172,25,5
181,1174,115,9,5
182,884,95,9,5
183,315,33,5,5
184,936,100,4,5
185,1569,157,16,5
186,172,11,1,5
187,785,80,7,5
188,852,87,3,5
189,1215,125,13,5
190,114,9,0,5
191,1128,129,5,5
192,1953,214,13,5
193,109,17,2,5
194,0,0,0,5
195,998,111,11,5
196,1531,169,8,5
197,541,62,2,5
198,826,87,8,5
199,1519,156,12,5
200,2365,237,23,5
201,978,104,6,5
202,7,1,0,5
203,0,0,0,5
204,1183,135,9,5
205,449,40,3,5
206,1681,162,13,5
207,1659,166,22,5
208,572,50,4,5
209,456,46,9,5
210,2645,259,39,5
211,0,0,0,5
212,24,3,0,5
213,445,33,0,5
214,1127,108,7,5
215,1152,109,12,5
216,498,42,4,5
217,4832,470,44,5
218,1090,110,12,5
219,555,63,7,5
220,379,34,4,5
221,664,80,6,5
222,243,22,2,5
223,624,63,8,5
224,1078,121,10,5
225,1825,181,20,5
226,55,6,3,5
227,801,75,5,5
228,231,23,0,5
229,936,79,13,5
230,4539,460,44,5
231,1191,118,14,5
232,242,25,2,5
233,0,0,0,5
234,973,89,15,5
235,140,8,2,5
236,1370,113,18,5
237,4697,506,48,5
238,794,78,5,5
239,975,75,11,5
240,1899,168,23,5
241,596,46,5,5
242,2163,236,17,5
243,569,52,5,5
244,1580,172,16,5
245,1720,155,18,5
246,324,33,3,5
247,1272,132,9,5
248,72,4,3,5
249,1569,159,18,5
250,1182,137,7,5
251,82,7,2,5
252,695,77,12,5
253,2606,275,21,5
254,4640,496,35,5
255,674,59,7,5
256,2740,280,30,5
257,2231,272,29,5
258,105,15,1,5
259,187,12,1,5
260,630,61,7,5
261,1242,140,16,5
262,1292,131,16,5
263,7122,699,77,5
264,1308,125,11,5
265,1156,137,10,5
266,1228,137,7,5
267,1569,172,19,5
268,2266,235,24,5
269,6340,635,57,5
270,981,85,9,5
271,284,34,4,5
272,868,90,11,5
273,4236,405,36,5
274,879,110,8,5
275,5839,566,51,5
276,4353,434,33,5
277,2179,214,29,5
278,644,67,6,5
279,3785,419,37,5
280,2249,244,21,5
281,767,84,9,5
282,933,87,8,5
283,1061,103,10,5
284,127,20,0,5
285,17,1,0,5
286,752,79,10,5
287,1032,89,11,5
288,512,48,4,5
289,4231,421,37,5
290,948,95,11,5
291,67,10,1,5
292,2647,273,25,5
293,867,81,9,5
294,215,24,1,5
295,989,99,3,5
296,810,73,11,5
297,92,10,0,5
298,1017,94,10,5
299,1219,118,11,5
300,1682,162,16,5
301,299,38,1,5
302,5285,515,57,5
303,2080,223,14,5
304,971,103,8,5
305,714,69,12,5
306,4864,488,46,5
307,769,83,16,5
308,581,53,8,5
309,873,89,10,5
310,1610,151,12,5
311,1043,94,10,5
312,1635,151,15,5
313,683,71,8,5
314,894,89,8,5
315,616,55,6,5
316,207,29,3,5
317,784,87,13,5
318,678,67,8,5
319,0,0,0,5
320,488,46,5,5
321,5273,534,60,5
322,5520,548,52,5
323,191,20,3,5
324,1166,105,12,5
325,0,0,0,5
326,4831,480,46,5
327,5675,588,62,5
328,525,55,4,5
329,965,99,7,5
330,715,80,13,5
331,897,98,9,5
332,983,89,12,5
333,1144,118,9,5
334,656,66,8,5
335,390,33,3,5
336,801,83,7,5
337,5284,553,59,5
338,1037,108,12,5
339,1650,146,13,5
340,93,10,2,5
341,162,17,2,5
342,633,69,6,5
343,8,0,0,5
344,28,0,1,5
345,1010,112,8,5
346,794,88,11,5
347,841,64,8,5
348,1005,95,9,5
349,2123,212,17,5
350,163,15,1,5
351,1507,159,18,5
352,317,29,1,5
353,1292,132,11,5
354,1890,201,18,5
355,6217,635,75,5
356,2248,225,30,5
357,1168,125,12,5
358,678,64,10,5
359,467,48,3,5
360,2035,190,22,5
361,205,26,3,5
362,420,40,3,5
363,430,35,4,5
364,1320,150,17,5
365,6230,636,70,5
366,478,55,6,5
367,4374,451,60,5
368,801,92,15,5
369,4313,454,46,5
370,1190,108,6,5
371,1895,190,16,5
372,41,1,0,5
373,4257,424,44,5
374,212,18,1,5
375,584,54,5,5
376,488,55,6,5
377,2259,238,31,5
378,1299,134,11,5
379,187,23,2,5
380,1264,144,14,5
381,447,55,0,5
382,1229,99,13,5
383,943,103,9,5
384,1626,153,13,5
385,4779,513,46,5
386,160,17,0,5
387,1197,114,7,5
388,170,13,2,5
389,5019,527,40,5
390,2633,294,21,5
391,5381,577,48,5
392,647,66,8,5
393,1066,90,14,5
394,966,92,3,5
395,123,15,0,5
396,847,74,6,5
397,921,96,14,5
398,1094,131,8,5
399,396,38,7,5
400,135,14,1,5
401,51,3,1,5
402,1571,147,15,5
403,1406,121,12,5
404,176,15,1,5
405,4873,506,55,5
406,1289,137,9,5
407,250,24,3,5
408,704,68,5,5
409,5691,528,52,5
410,775,67,10,5
411,29,3,0,5
412,1169,118,11,5
413,5612,554,47,5
414,674,63,4,5
415,2368,247,33,5
416,115,5,1,5
417,112,10,1,5
418,5810,573,58,5
419,530,42,4,5
420,888,96,5,5
421,377,43,5,5
422,1477,134,15,5
423,684,71,13,5
424,626,71,10,5
425,5114,566,41,5
426,1972,188,27,5
427,5751,563,45,5
428,0,0,0,5
429,83,8,1,5
430,171,18,0,5
431,475,42,2,5
432,1125,107,10,5
433,4970,553,52,5
434,256,23,2,5
435,159,12,1,5
436,2080,201,16,5
437,1021,102,13,5
438,1325,116,9,5
439,551,65,6,5
440,5292,546,55,5
441,1092,116,7,5
442,1084,101,9,5
443,2184,238,15,5
444,251,33,2,5
445,1258,125,10,5
446,957,86,9,5
447,911,73,8,5
448,1642,155,21,5
449,479,37,5,5
450,1392,132,9,5
451,1915,209,15,5
452,573,61,5,5
453,330,32,2,5
454,1197,107,21,5
455,330,30,7,5
456,5158,537,54,5
457,123,8,1,5
458,1233,110,15,5
459,803,72,9,5
460,639,57,8,5
461,976,106,14,5
462,5063,448,47,5
463,213,33,1,5
464,2116,211,15,5
465,779,70,5,5
466,2757,231,22,5
467,1577,162,15,5
468,143,16,2,5
469,281,28,2,5
470,474,44,5,5
471,143,12,1,5
472,1761,180,19,5
473,846,86,16,5
474,440,40,1,5
475,1483,130,15,5
476,147,7,2,5
477,84,10,0,5
478,1289,109,11,5
479,1597,180,20,5
480,1804,212,14,5
481,1010,96,6,5
482,1170,116,8,5
483,221,28,1,5
484,616,66,6,5
485,183,20,1,5
486,959,103,7,5
487,1242,145,13,5
488,61,5,0,5
489,201,15,2,5
490,993,100,5,5
491,974,107,8,5
492,2644,247,33,5
493,1443,139,18,5
494,129,14,1,5
495,158,18,4,5
496,680,70,5,5
497,124,10,1,5
498,212,22,1,5
499,413,40,10,5
500,658,77,3,5
501,1553,147,18,5
502,46,9,0,5
503,919,86,14,5
504,2118,215,19,5
505,1658,198,14,5
506,850,98,7,5
507,516,71,3,5
508,750,69,7,5
509,958,111,9,5
510,1029,108,11,5
511,5394,555,57,5
512,2492,239,17,5
513,1457,166,25,5
514,508,51,3,5
515,1105,93,8,5
516,422,44,7,5
517,842,69,6,5
518,58,4,0,5
519,442,47,2,5
520,417,41,2,5
521,1149,97,11,5
522,112,13,1,5
523,469,36,1,5
524,110,10,0,5
525,221,25,3,5
526,963,94,14,5
527,240,34,3,5
528,243,18,2,5
529,1482,146,19,5
530,129,10,1,5
531,196,20,0,5
532,4930,480,36,5
533,5670,600,60,5
534,194,15,1,5
535,1947,201,19,5
536,140,17,2,5
537,808,85,6,5
538,5797,555,46,5
539,838,72,9,5
540,1238,132,12,5
541,4860,515,47,5
542,1420,154,13,5
543,90,8,1,5
544,1017,114,6,5
545,188,14,3,5
546,134,7,0,5
547,2019,189,22,5
548,2315,260,24,5
549,2247,221,27,5
550,743,74,6,5
551,754,69,5,5
552,696,76,5,5
553,2449,252,23,5
554,164,23,2,5
555,4836,457,40,5
556,147,20,2,5
557,552,60,11,5
558,891,87,12,5
559,42,3,0,5
560,1059,109,10,5
561,21,0,0,5
562,911,79,12,5
563,220,22,4,5
564,1125,112,11,5
565,906,87,11,5
566,4345,429,34,5
567,884,91,6,5
568,858,84,9,5
569,649,62,7,5
570,660,57,4,5
571,1085,114,7,5
572,417,38,5,5
573,289,27,5,5
574,515,52,8,5
575,988,81,8,5
576,982,104,7,5
577,802,89,9,5
578,1862,152,15,5
579,177,20,4,5
580,19,0,0,5
581,0,0,0,5
582,84,9,1,5
583,205,27,1,5
584,238,18,4,5
585,4181,426,47,5
586,139,15,2,5
587,1082,102,6,5
588,603,55,4,5
589,932,92,10,5
590,1257,125,14,5
591,1238,150,13,5
592,980,92,16,5
593,1171,109,12,5
594,1169,134,6,5
595,300,32,3,5
596,830,69,9,5
597,5272,507,46,5
598,154,10,0,5
599,0,0,0,5
600,492,61,5,5
601,873,72,16,5
602,898,84,7,5
603,1323,136,17,5
604,906,88,3,5
605,335,43,5,5
606,332,35,4,5
607,1257,106,13,5
608,2101,191,23,5
609,6291,617,62,5
610,772,77,9,5
611,1585,194,22,5
612,2444,223,24,5
613,1092,117,10,5
614,361,33,4,5
615,194,15,4,5
616,5344,540,55,5
617,1117,104,7,5
618,170,17,2,5
619,729,72,11,5
620,1618,163,19,5
621,232,25,1,5
622,40,6,1,5
623,451,53,4,5
624,312,26,6,5
625,745,92,5,5
626,130,5,1,5
627,581,80,2,5
628,582,65,6,5
629,4291,420,43,5
630,5219,549,41,5
631,55,8,0,5
632,5123,530,51,5
633,381,40,6,5
634,1844,189,29,5
635,244,28,4,5
636,663,79,8,5
637,773,72,7,5
638,2584,253,23,5
639,5847,572,60,5
640,787,78,5,5
641,966,98,9,5
642,196,17,0,5
643,106,13,2,5
644,2589,220,23,5
645,5752,593,51,5
646,2033,224,20,5
647,260,21,5,5
648,193,25,3,5
649,954,102,10,5
650,2909,292,32,5
651,4907,501,58,5
652,902,91,14,5
653,740,74,8,5
654,1484,130,11,5
655,4790,453,46,5
656,400,32,5,5
657,958,97,8,5
658,252,26,3,5
659,1961,208,18,5
660,2325,244,27,5
661,419,35,7,5
662,1092,117,10,5
663,273,28,5,5
664,171,16,0,5
665,79,7,0,5
666,698,56,2,5
667,632,77,10,5
668,2066,208,23,5
669,1385,128,13,5
670,810,77,8,5
671,286,20,1,5
672,571,60,2,5
673,131,20,3,5
674,565,41,6,5
675,772,78,12,5
676,2218,217,13,5
677,4370,416,51,5
678,752,112,11,5
679,469,38,6,5
680,5480,514,57,5
681,5056,532,54,5
682,541,49,3,5
683,2407,240,31,5
684,0,0,0,5
685,705,72,5,5
686,472,46,6,5
687,147,11,4,5
688,1659,163,21,5
689,793,59,6,5
690,60,7,0,5
691,214,20,1,5
692,179,23,1,5
693,1901,200,17,5
694,416,31,3,5
695,1028,99,15,5
696,3648,361,39,5
697,733,79,10,5
698,538,55,6,5
699,297,33,5,5
700,854,74,13,5
701,1897,190,20,5
702,175,13,2,5
703,1944,205,17,5
704,955,88,10,5
705,4278,416,37,5
706,142,17,2,5
707,6019,617,61,5
708,196,18,2,5
709,590,66,10,5
710,1873,186,23,5
711,986,95,7,5
712,360,29,2,5
713,4855,460,59,5
714,88,14,1,5
715,915,97,11,5
716,1009,103,7,5
717,5539,571,57,5
718,204,17,3,5
719,193,26,3,5
720,109,12,4,5
721,139,14,3,5
722,2175,224,28,5
723,893,94,9,5
724,673,74,5,5
725,304,34,2,5
726,3430,319,35,5
727,830,94,11,5
728,1520,154,16,5
729,873,83,7,5
730,240,27,4,5
731,210,20,4,5
732,0,0,0,5
733,55,8,1,5
734,219,20,1,5
735,1139,125,16,5
736,824,95,9,5
737,1209,151,9,5
738,656,67,7,5
739,424,45,8,5
740,2157,206,28,5
741,2897,294,23,5
742,816,68,11,5
743,4021,412,45,5
744,971,92,14,5
745,1239,131,17,5
746,659,66,9,5
747,51,10,0,5
748,1579,157,15,5
749,794,89,10,5
750,1309,124,14,5
1,622,70,8,7
2,1291,105,12,7
3,5533,545,51,7
4,1684,162,16,7
5,2027,211,17,7
6,684,63,5,7
7,906,106,8,7
8,167,15,1,7
9,4814,467,36,7
10,2032,214,17,7
11,859,92,3,7
12,618,67,7,7
13,954,90,10,7
14,1392,115,9,7
15,5734,590,64,7
16,6097,589,57,7
17,539,68,5,7
18,1248,133,21,7
19,5692,588,61,7
20,4996,526,53,7
21,1060,120,9,7
22,46,3,0,7
23,104,11,1,7
24,1064,109,11,7
25,160,19,1,7
26,146,10,2,7
27,6368,623,61,7
28,4018,387,31,7
29,568,64,2,7
30,5618,532,60,7
31,977,78,18,7
32,82,9,2,7
33,1166,107,13,7
34,177,17,2,7
35,609,49,9,7
36,2137,225,14,7
37,6222,600,55,7
38,1193,127,8,7
39,517,49,4,7
40,5929,630,47,7
41,42,4,1,7
42,1590,150,26,7
43,1326,124,17,7
44,1021,110,13,7
45,365,41,3,7
46,901,85,11,7
47,320,28,5,7
48,38,3,0,7
49,1431,134,14,7
50,1713,167,23,7
51,294,37,0,7
52,692,62,3,7
53,5183,529,62,7
54,165,15,0,7
55,4767,474,44,7
56,957,101,7,7
57,920,89,7,7
58,662,70,9,7
59,941,86,7,7
60,1086,96,12,7
61,73,6,0,7
62,56,5,0,7
63,2125,220,17,7
64,206,16,1,7
65,5224,510,43,7
66,1008,113,11,7
67,417,37,5,7
68,1040,115,11,7
69,617,57,12,7
70,119,17,4,7
71,5243,515,52,7
72,1205,109,9,7
73,5228,515,62,7
74,2318,213,17,7
75,537,39,9,7
76,546,46,5,7
77,1161,135,14,7
78,892,95,8,7
79,117,10,2,7
80,4607,462,52,7
81,881,94,7,7
82,1287,125,8,7
83,5300,513,55,7
84,266,27,1,7
85,5272,544,60,7
86,5627,553,46,7
87,1043,109,13,7
88,580,49,7,7
89,1099,111,10,7
90,2052,215,20,7
91,161,12,2,7
92,803,69,8,7
93,158,9,1,7
94,1831,193,12,7
95,951,91,9,7
96,5018,481,54,7
97,895,80,10,7
98,4685,455,52,7
99,1719,186,15,7
100,1916,201,18,7
101,1477,139,10,7
102,528,66,7,7
103,274,30,2,7
104,4976,497,58,7
105,1717,194,16,7
106,180,33,2,7
107,206,16,2,7
108,345,42,0,7
109,99,9,3,7
110,1166,107,10,7
111,5094,546,58,7
112,1473,151,17,7
113,163,12,4,7
114,109,12,0,7
115,4734,482,56,7
116,459,38,6,7
117,2021,193,16,7
118,653,57,3,7
119,1732,148,18,7
120,2420,249,17,7
121,4379,410,57,7
122,1,0,0,7
123,490,49,3,7
124,4496,429,44,7
125,1014,103,5,7
126,597,59,6,7
127,4828,462,67,7
128,998,107,6,7
129,80,6,0,7
130,5126,492,47,7
131,2065,192,25,7
132,114,8,0,7
133,5798,540,65,7
134,972,103,9,7
135,5497,532,57,7
136,286,24,2,7
137,167,18,0,7
138,1370,116,11,7
139,141,14,1,7
140,2044,212,24,7
141,478,38,2,7
142,316,27,2,7
143,1050,115,19,7
144,2998,319,31,7
145,1837,167,18,7
146,212,28,3,7
147,1620,162,24,7
148,848,82,5,7
149,1107,104,11,7
150,189,14,1,7
151,837,72,7,7
152,502,59,3,7
153,327,26,1,7
154,613,63,6,7
155,148,14,4,7
156,1276,130,9,7
157,1307,110,13,7
158,525,42,6,7
159,1193,111,16,7
160,896,82,11,7
161,1068,98,8,7
162,1149,117,9,7
163,1222,138,8,7
164,1690,172,17,7
165,1124,116,15,7
166,461,54,5,7
167,4887,464,52,7
168,106,11,2,7
169,1101,101,9,7
170,313,33,1,7
171,183,11,3,7
172,939,88,11,7
173,923,87,13,7
174,4423,439,42,7
175,1178,124,10,7
176,1187,117,12,7
177,899,88,12,7
178,1076,109,9,7
179,1020,90,10,7
180,77,12,0,7
181,1131,99,12,7
182,862,96,7,7
183,3842,365,46,7
184,543,53,4,7
185,974,89,8,7
186,610,47,7,7
187,991,104,7,7
188,5369,582,63,7
189,529,55,7,7
190,210,23,2,7
191,1856,161,21,7
192,133,13,0,7
193,847,77,5,7
194,495,56,5,7
195,546,53,10,7
196,1139,121,8,7
197,585,58,3,7
198,434,46,5,7
199,606,62,9,7
200,1355,133,9,7
201,768,78,9,7
202,1246,142,13,7
203,6275,570,78,7
204,775,77,5,7
205,1016,97,7,7
206,2204,225,24,7
207,689,68,9,7
208,567,55,5,7
209,767,79,5,7
210,1120,104,10,7
211,1084,97,10,7
212,917,75,8,7
213,230,32,4,7
214,115,10,0,7
215,854,84,6,7
216,584,45,6,7
217,82,7,3,7
218,948,88,12,7
219,220,21,1,7
220,5782,582,53,7
221,1667,168,18,7
222,1805,149,15,7
223,1336,139,14,7
224,825,85,8,7
225,544,57,5,7
226,271,30,1,7
227,382,33,7,7
228,431,38,2,7
229,1326,124,13,7
230,95,7,0,7
231,6278,647,84,7
232,964,109,10,7
233,625,61,6,7
234,766,72,7,7
235,1010,97,10,7
236,1183,117,10,7
237,1781,185,14,7
238,940,96,9,7
239,47,5,0,7
240,761,66,8,7
241,1750,181,23,7
242,608,71,6,7
243,502,53,4,7
244,109,7,1,7
245,244,20,1,7
246,6030,556,51,7
247,1841,178,13,7
248,133,12,3,7
249,5622,550,60,7
250,65,11,0,7
251,969,93,13,7
252,298,20,1,7
253,1065,124,11,7
254,203,16,2,7
255,566,42,4,7
256,1831,180,18,7
257,5131,540,45,7
258,216,25,1,7
259,5030,516,50,7
260,616,63,3,7
261,97,11,1,7
262,43,4,0,7
263,1223,114,8,7
264,5219,537,49,7
265,606,57,4,7
266,551,63,3,7
267,139,3,1,7
268,2309,249,15,7
269,799,83,8,7
270,5723,547,56,7
271,2088,216,21,7
272,1477,135,16,7
273,1374,123,14,7
274,406,34,6,7
275,3729,348,32,7
276,858,81,8,7
277,327,25,0,7
278,1787,174,14,7
279,55,2,0,7
280,1332,129,12,7
281,6333,603,70,7
282,2111,201,22,7
283,1382,119,13,7
284,932,97,10,7
285,184,17,0,7
286,1188,109,13,7
287,605,54,1,7
288,638,57,5,7
289,5712,617,63,7
290,224,20,2,7
291,5606,562,44,7
292,1363,149,16,7
293,960,106,9,7
294,35,6,0,7
295,2274,226,24,7
296,1726,201,15,7
297,108,13,3,7
298,31,3,1,7
299,374,33,5,7
300,1087,113,12,7
301,576,60,5,7
302,1020,114,16,7
303,1163,92,9,7
304,132,15,3,7
305,4775,467,49,7
306,952,123,9,7
307,187,16,3,7
308,1595,141,11,7
309,807,80,4,7
310,908,84,4,7
311,5172,489,48,7
312,1209,111,11,7
313,1239,96,6,7
314,1316,106,16,7
315,1670,180,18,7
316,262,19,1,7
317,5968,644,55,7
318,5115,494,54,7
319,1390,159,14,7
320,551,61,2,7
321,72,9,1,7
322,943,87,13,7
323,1914,207,17,7
324,149,16,1,7
325,1477,151,11,7
326,6533,621,72,7
327,201,25,1,7
328,1213,118,4,7
329,833,87,10,7
330,778,92,7,7
331,5491,538,38,7
332,960,82,10,7
333,156,21,1,7
334,76,5,0,7
335,436,55,3,7
336,302,41,3,7
337,1800,191,18,7
338,5779,579,45,7
339,796,77,3,7
340,136,15,0,7
341,1425,157,17,7
342,189,23,2,7
343,1872,177,19,7
344,982,96,15,7
345,624,75,9,7
346,1642,166,19,7
347,93,11,0,7
348,2525,237,28,7
349,269,26,6,7
350,2794,316,24,7
351,791,90,7,7
352,1643,161,12,7
353,299,37,10,7
354,557,71,8,7
355,6063,662,66,7
356,1010,121,8,7
357,570,59,6,7
358,1896,225,21,7
359,875,84,6,7
360,184,18,2,7
361,4953,504,49,7
362,153,19,0,7
363,1021,98,7,7
364,778,71,10,7
365,1032,106,6,7
366,492,60,6,7
367,571,53,5,7
368,36,3,0,7
369,5885,556,63,7
370,928,83,7,7
371,4126,383,55,7
372,650,61,6,7
373,5010,503,55,7
374,4457,431,56,7
375,807,100,9,7
376,561,62,6,7
377,157,15,2,7
378,1144,117,12,7
379,861,83,7,7
380,984,114,8,7
381,319,42,1,7
382,512,34,4,7
383,1047,89,11,7
384,809,77,12,7
385,1028,122,9,7
386,660,66,7,7
387,1115,109,10,7
388,321,26,5,7
389,615,63,5,7
390,145,17,1,7
391,1772,193,17,7
392,106,14,0,7
393,103,13,1,7
394,305,25,0,7
395,1267,139,21,7
396,124,15,0,7
397,5597,505,64,7
398,212,26,2,7
399,1905,196,16,7
400,170,12,2,7
401,320,21,4,7
402,672,57,7,7
403,2430,238,28,7
404,297,26,2,7
405,1227,135,7,7
406,11,2,0,7
407,347,29,6,7
408,81,5,0,7
409,331,31,3,7
410,6100,583,62,7
411,1163,115,9,7
412,345,39,5,7
413,1565,150,11,7
414,90,6,0,7
415,236,25,3,7
416,1121,120,16,7
417,1242,120,10,7
418,1007,108,8,7
419,97,11,0,7
420,730,59,12,7
421,1544,155,14,7
422,1406,148,13,7
423,145,11,2,7
424,5193,513,52,7
425,1098,113,11,7
426,699,63,5,7
427,5539,570,47,7
428,665,57,11,7
429,569,51,4,7
430,908,100,12,7
431,36,6,2,7
432,295,33,2,7
433,767,82,4,7
434,204,22,3,7
435,1804,180,11,7
436,680,68,5,7
437,880,95,12,7
438,1219,122,9,7
439,141,16,2,7
440,31,2,2,7
441,1291,133,12,7
442,180,18,3,7
443,5092,512,50,7
444,2011,183,21,7
445,175,12,4,7
446,550,65,7,7
447,5576,560,60,7
448,973,112,13,7
449,319,37,5,7
450,110,9,0,7
451,142,10,0,7
452,952,81,16,7
453,2203,214,22,7
454,79,6,1,7
455,595,54,10,7
456,243,26,0,7
457,1328,130,12,7
458,755,64,11,7
459,237,23,2,7
460,921,87,5,7
461,1852,195,21,7
462,148,13,5,7
463,159,12,2,7
464,832,89,9,7
465,179,25,2,7
466,1703,145,14,7
467,1123,117,9,7
468,1311,139,14,7
469,779,95,13,7
470,605,66,3,7
471,323,23,3,7
472,841,101,7,7
473,1072,98,12,7
474,1822,204,21,7
475,2571,265,16,7
476,407,33,5,7
477,4481,409,43,7
478,187,18,4,7
479,985,104,8,7
480,5830,566,63,7
481,1010,118,13,7
482,3987,435,53,7
483,690,78,6,7
484,3930,406,34,7
485,1201,101,9,7
486,827,78,16,7
487,1108,93,14,7
488,80,11,0,7
489,191,27,4,7
490,1484,146,15,7
491,3040,295,31,7
492,1828,193,14,7
493,783,73,7,7
494,5637,587,57,7
495,543,48,4,7
496,100,11,1,7
497,241,23,3,7
498,2035,201,19,7
499,138,15,3,7
500,605,53,1,7
501,801,76,8,7
502,1209,127,14,7
503,1168,120,8,7
504,4744,509,42,7
505,1211,133,11,7
506,403,40,1,7
507,84,4,0,7
508,6358,622,61,7
509,2052,213,27,7
510,94,7,1,7
511,100,17,2,7
512,144,17,3,7
513,50,3,2,7
514,840,81,5,7
515,935,73,18,7
516,1354,144,13,7
517,202,17,1,7
518,5166,534,49,7
519,126,9,1,7
520,2487,250,25,7
521,840,75,8,7
522,5768,596,53,7
523,178,21,1,7
524,743,73,4,7
525,949,81,8,7
526,711,80,11,7
527,85,5,2,7
528,1010,94,10,7
529,1533,166,17,7
530,1224,115,8,7
531,1171,109,10,7
532,4741,487,45,7
533,199,20,1,7
534,1017,124,13,7
535,1272,125,15,7
536,4684,494,40,7
537,5546,577,51,7
538,718,71,9,7
539,74,3,0,7
540,1669,173,22,7
541,3742,378,54,7
542,6402,644,63,7
543,1399,140,17,7
544,142,15,3,7
545,5568,563,60,7
546,1239,123,13,7
547,5540,529,62,7
548,4703,490,53,7
549,1511,167,16,7
550,4661,490,50,7
551,891,89,5,7
552,4161,390,44,7
553,1829,169,13,7
554,386,58,3,7
555,993,107,11,7
556,716,83,8,7
557,428,51,3,7
558,865,92,7,7
559,2810,269,31,7
560,5799,561,51,7
561,275,24,3,7
562,370,40,8,7
563,321,41,2,7
564,1158,115,11,7
565,1446,136,15,7
566,1542,160,21,7
567,1570,151,16,7
568,184,27,1,7
569,559,43,3,7
570,3856,384,26,7
571,92,13,1,7
572,883,107,11,7
573,1946,202,20,7
574,5677,572,38,7
575,165,15,4,7
576,4570,469,39,7
577,192,28,0,7
578,5419,531,56,7
579,193,19,3,7
580,249,25,4,7
581,465,36,3,7
582,2235,236,15,7
583,894,91,11,7
584,3165,303,29,7
585,83,8,2,7
586,5317,558,51,7
587,1353,119,12,7
588,1140,129,14,7
589,661,57,7,7
590,621,48,4,7
591,714,83,9,7
592,987,115,9,7
593,1637,160,12,7
594,189,10,1,7
595,2325,218,24,7
596,6659,654,73,7
597,1280,121,19,7
598,1425,135,15,7
599,1983,220,22,7
600,610,63,5,7
601,578,67,3,7
602,4953,471,43,7
603,196,23,2,7
604,1359,151,17,7
605,1842,187,20,7
606,596,66,5,7
607,563,57,0,7
608,4982,519,42,7
609,224,24,3,7
610,566,60,4,7
611,1394,128,22,7
612,500,48,3,7
613,1524,145,17,7
614,76,7,1,7
615,615,59,5,7
616,1262,117,14,7
617,4935,516,63,7
618,154,18,1,7
619,895,83,10,7
620,123,11,0,7
621,224,15,1,7
622,1141,99,17,7
623,855,82,8,7
624,5617,541,68,7
625,2051,198,22,7
626,137,14,0,7
627,2412,271,22,7
628,1658,150,14,7
629,319,29,8,7
630,277,29,6,7
631,2564,272,31,7
632,2792,316,27,7
633,19,1,1,7
634,39,3,0,7
635,86,8,2,7
636,242,25,3,7
637,7134,673,73,7
638,5905,574,50,7
639,2242,260,18,7
640,960,93,18,7
641,727,73,3,7
642,0,0,0,7
643,1117,119,15,7
644,10,0,0,7
645,5422,590,64,7
646,721,78,6,7
647,943,70,8,7
648,768,81,6,7
649,5272,576,58,7
650,963,85,10,7
651,2055,204,24,7
652,1245,128,6,7
653,2234,225,21,7
654,225,19,0,7
655,570,64,7,7
656,546,49,6,7
657,127,9,2,7
658,125,10,3,7
659,600,54,6,7
660,6883,695,63,7
661,1399,145,17,7
662,668,50,5,7
663,1878,183,16,7
664,1194,126,12,7
665,144,24,0,7
666,463,35,4,7
667,1028,96,11,7
668,231,16,0,7
669,620,55,7,7
670,251,25,5,7
671,165,13,1,7
672,43,0,2,7
673,685,75,4,7
674,1295,121,8,7
675,1104,103,8,7
676,6124,590,68,7
677,175,10,2,7
678,140,11,1,7
679,145,12,1,7
680,231,18,5,7
681,797,77,13,7
682,1853,203,16,7
683,1247,134,19,7
684,1108,136,10,7
685,417,37,5,7
686,5414,576,41,7
687,5643,593,56,7
688,594,66,4,7
689,973,99,17,7
690,749,72,5,7
691,499,58,3,7
692,466,51,3,7
693,5083,489,58,7
694,1854,191,26,7
695,2380,214,29,7
696,205,26,1,7
697,736,69,4,7
698,653,59,5,7
699,5394,513,71,7
700,1072,129,11,7
701,4,1,0,7
702,4796,493,39,7
703,65,8,0,7
704,1971,206,22,7
705,1025,101,14,7
706,146,10,0,7
707,5389,536,63,7
708,2829,297,36,7
709,1280,146,17,7
710,1913,179,19,7
711,706,52,7,7
712,801,84,6,7
713,2356,233,33,7
714,948,98,13,7
715,4978,510,48,7
716,751,72,9,7
717,464,44,5,7
718,113,15,1,7
719,5733,584,50,7
720,552,57,4,7
721,166,17,2,7
722,4840,495,40,7
723,637,49,2,7
724,1066,102,11,7
725,5695,560,46,7
726,180,13,2,7
727,5614,563,57,7
728,951,82,7,7
729,928,84,10,7
730,1112,106,14,7
731,956,85,12,7
732,1966,176,12,7
733,5996,575,57,7
734,1037,102,8,7
735,31,6,1,7
736,241,21,2,7
737,1159,111,19,7
738,5859,538,56,7
739,199,20,2,7
740,496,59,2,7
741,235,19,3,7
742,1434,142,13,7
743,2177,223,18,7
744,1278,124,14,7
745,4726,457,43,7
746,5016,524,50,7
747,1040,124,7,7
748,1613,154,15,7
749,187,23,1,7
750,683,70,7,7
1,289,26,5,9
2,97,11,1,9
3,839,89,10,9
4,1219,112,10,9
5,1376,153,10,9
6,57,8,1,9
7,452,47,7,9
8,96,15,5,9
9,613,63,6,9
10,80,9,0,9
11,5535,552,53,9
12,1037,107,7,9
13,230,23,4,9
14,1755,185,13,9
15,1037,100,7,9
16,112,11,1,9
17,1284,133,8,9
18,537,56,4,9
19,161,21,3,9
20,650,55,6,9
21,4,0,0,9
22,4823,483,54,9
23,114,14,1,9
24,1092,110,11,9
25,1316,136,14,9
26,683,71,5,9
27,837,65,6,9
28,5196,524,53,9
29,1660,214,21,9
30,1298,140,9,9
31,1092,87,10,9
32,1197,110,7,9
33,483,46,3,9
34,1406,173,10,9
35,133,16,0,9
36,955,122,7,9
37,834,87,9,9
38,815,84,8,9
39,1004,93,8,9
40,5636,549,57,9
41,1686,181,19,9
42,947,114,8,9
43,648,56,8,9
44,658,77,4,9
45,2154,216,23,9
46,112,10,2,9
47,2852,248,28,9
48,239,27,4,9
49,879,88,6,9
50,5902,650,57,9
51,5637,564,56,9
52,5670,557,53,9
53,1198,115,10,9
54,27,4,1,9
55,933,98,9,9
56,107,14,2,9
57,202,20,0,9
58,1243,127,13,9
59,5070,553,49,9
60,240,17,4,9
61,1403,138,13,9
62,1157,128,13,9
63,1093,113,12,9
64,240,22,2,9
65,5404,529,62,9
66,713,86,10,9
67,852,85,13,9
68,570,54,8,9
69,2179,233,15,9
70,311,36,8,9
71,308,31,1,9
72,1728,181,19,9
73,5458,514,58,9
74,495,66,5,9
75,614,62,3,9
76,5228,479,42,9
77,33,4,0,9
78,225,11,1,9
79,798,96,10,9
80,4663,435,50,9
81,19,2,1,9
82,200,15,3,9
83,150,9,1,9
84,471,51,0,9
85,212,19,6,9
86,5861,618,61,9
87,822,80,11,9
88,112,15,0,9
89,144,14,0,9
90,2236,230,29,9
91,1341,119,12,9
92,204,18,0,9
93,5649,565,60,9
94,897,83,16,9
95,1837,190,16,9
96,5547,516,66,9
97,765,67,7,9
98,193,18,3,9
99,5088,522,59,9
100,699,79,5,9
101,839,88,4,9
102,849,91,9,9
103,713,87,8,9
104,1206,132,14,9
105,960,92,13,9
106,594,49,6,9
107,568,59,7,9
108,334,28,3,9
109,72,13,1,9
110,4904,464,47,9
111,1160,124,18,9
112,36,4,1,9
113,106,3,2,9
114,6044,643,59,9
115,5952,618,59,9
116,199,16,1,9
117,5374,527,47,9
118,304,22,6,9
119,5217,486,55,9
120,1387,142,18,9
121,356,36,1,9
122,1510,131,16,9
123,4666,478,42,9
124,869,94,7,9
125,1209,141,13,9
126,69,8,0,9
127,5612,564,62,9
128,303,33,6,9
129,781,80,5,9
130,233,22,3,9
131,5296,579,46,9
132,4644,437,51,9
133,204,16,3,9
134,808,81,6,9
135,116,13,0,9
136,1679,166,15,9
137,4119,411,39,9
138,4810,537,50,9
139,1105,111,9,9
140,643,67,8,9
141,5999,590,64,9
142,4945,533,50,9
143,5542,562,47,9
144,1304,125,16,9
145,926,104,10,9
146,1067,106,12,9
147,556,48,7,9
148,772,76,8,9
149,663,70,5,9
150,763,74,8,9
151,103,8,0,9
152,516,63,3,9
153,42,1,1,9
154,429,61,4,9
155,828,88,11,9
156,861,91,12,9
157,223,27,2,9
158,718,80,6,9
159,648,59,5,9
160,415,34,4,9
161,1592,156,14,9
162,133,14,3,9
163,69,2,1,9
164,5819,577,49,9
165,1053,108,18,9
166,973,100,7,9
167,921,87,5,9
168,610,55,8,9
169,582,49,7,9
170,2288,216,18,9
171,655,58,8,9
172,843,83,7,9
173,4893,468,31,9
174,2240,223,22,9
175,434,37,4,9
176,212,17,0,9
177,5753,576,50,9
178,184,20,2,9
179,912,95,12,9
180,285,31,3,9
181,1687,151,14,9
182,3120,293,19,9
183,1267,133,8,9
184,1624,157,18,9
185,907,88,8,9
186,605,60,2,9
187,55,4,2,9
188,5235,552,55,9
189,941,113,9,9
190,3244,318,41,9
191,606,52,10,9
192,626,58,4,9
193,548,69,4,9
194,1090,111,7,9
195,605,67,4,9
196,5977,621,53,9
197,734,66,7,9
198,1399,110,13,9
199,495,43,3,9
200,273,30,4,9
201,831,75,8,9
202,1034,92,20,9
203,1300,117,10,9
204,4664,449,38,9
205,1096,102,8,9
206,941,95,9,9
207,880,88,12,9
208,803,72,7,9
209,85,6,2,9
210,1577,137,15,9
211,5982,606,51,9
212,825,55,11,9
213,655,63,2,9
214,1079,121,8,9
215,822,67,4,9
216,35,2,0,9
217,1067,124,8,9
218,1603,164,19,9
219,463,39,2,9
220,5599,571,50,9
221,733,63,9,9
222,2581,247,33,9
223,1485,115,15,9
224,1957,183,21,9
225,995,125,10,9
226,846,70,5,9
227,1108,96,12,9
228,1504,140,16,9
229,2318,246,17,9
230,840,80,9,9
231,1688,173,18,9
232,154,10,0,9
233,499,42,7,9
234,86,7,3,9
235,758,83,6,9
236,643,50,8,9
237,1623,177,12,9
238,2348,235,23,9
239,577,51,3,9
240,840,73,9,9
241,2436,259,23,9
242,186,9,1,9
243,1040,98,7,9
244,93,9,2,9
245,68,4,0,9
246,927,99,8,9
247,5657,521,68,9
248,337,28,2,9
249,1157,123,9,9
250,1122,144,10,9
251,1144,109,20,9
252,482,24,9,9
253,1005,114,13,9
254,769,74,5,9
255,664,59,3,9
256,200,14,2,9
257,399,43,3,9
258,711,60,4,9
259,164,12,2,9
260,982,97,8,9
261,801,88,4,9
262,889,99,5,9
263,445,37,4,9
264,147,9,0,9
265,143,18,1,9
266,2975,302,29,9
267,164,18,4,9
268,1344,123,15,9
269,4363,469,49,9
270,212,25,0,9
271,5048,531,46,9
272,156,18,2,9
273,180,18,1,9
274,198,20,2,9
275,190,18,0,9
276,686,80,5,9
277,202,12,2,9
278,321,33,4,9
279,662,58,3,9
280,314,27,4,9
281,133,20,0,9
282,1127,107,10,9
283,1077,88,10,9
284,168,21,2,9
285,198,13,3,9
286,287,20,3,9
287,955,82,12,9
288,5016,524,53,9
289,740,61,10,9
290,159,20,1,9
291,79,7,0,9
292,305,28,2,9
293,962,90,7,9
294,4962,524,49,9
295,116,9,1,9
296,1694,179,19,9
297,906,86,14,9
298,813,81,9,9
299,599,56,7,9
300,5599,527,57,9
301,671,76,9,9
302,570,57,5,9
303,824,67,14,9
304,992,95,11,9
305,388,37,3,9
306,252,19,2,9
307,2980,298,31,9
308,831,69,6,9
309,772,61,9,9
310,306,24,3,9
311,5590,533,55,9
312,1423,136,15,9
313,5554,550,58,9
314,223,18,5,9
315,91,10,1,9
316,4478,483,39,9
317,2196,204,18,9
318,4553,444,49,9
319,401,49,4,9
320,1667,156,13,9
321,102,10,2,9
322,4442,446,49,9
323,6001,613,79,9
324,475,54,4,9
325,599,62,13,9
326,113,10,0,9
327,892,88,7,9
328,4856,483,51,9
329,838,87,7,9
330,1001,120,7,9
331,4757,500,45,9
332,110,10,2,9
333,680,59,7,9
334,0,0,0,9
335,1150,97,15,9
336,563,55,6,9
337,921,98,3,9
338,5317,494,53,9
339,3227,316,31,9
340,6137,652,59,9
341,117,6,0,9
342,1057,90,12,9
343,5765,575,65,9
344,4864,500,41,9
345,1044,112,11,9
346,623,69,4,9
347,103,16,1,9
348,442,39,7,9
349,1509,167,11,9
350,1377,135,20,9
351,296,33,1,9
352,993,97,10,9
353,1543,131,17,9
354,83,11,0,9
355,284,29,4,9
356,618,59,2,9
357,5088,521,45,9
358,51,4,1,9
359,126,13,0,9
360,524,48,4,9
361,5327,572,44,9
362,777,90,3,9
363,219,23,0,9
364,618,65,4,9
365,1099,125,18,9
366,883,87,8,9
367,262,24,0,9
368,83,7,2,9
369,1337,131,13,9
370,5501,539,51,9
371,1545,162,17,9
372,253,28,3,9
373,42,4,0,9
374,136,10,1,9
375,1488,168,12,9
376,1040,101,7,9
377,974,92,10,9
378,1129,114,11,9
379,871,100,12,9
380,531,63,9,9
381,116,11,2,9
382,4876,525,71,9
383,1107,93,7,9
384,197,21,4,9
385,1261,111,11,9
386,229,29,5,9
387,5180,498,60,9
388,2351,237,15,9
389,179,15,1,9
390,792,83,12,9
391,136,13,1,9
392,936,112,7,9
393,1765,196,18,9
394,1670,165,11,9
395,717,83,5,9
396,868,80,8,9
397,1095,103,7,9
398,4389,421,38,9
399,120,19,1,9
400,286,22,2,9
401,155,15,1,9
402,849,90,11,9
403,9,1,0,9
404,209,26,4,9
405,802,83,7,9
406,319,29,1,9
407,768,62,9,9
408,1089,109,8,9
409,1640,164,11,9
410,1053,117,14,9
411,1800,192,21,9
412,676,63,5,9
413,1039,108,9,9
414,40,3,0,9
415,4944,538,53,9
416,805,78,8,9
417,171,11,4,9
418,409,46,1,9
419,95,8,0,9
420,6518,615,56,9
421,1173,129,8,9
422,1060,100,11,9
423,777,68,6,9
424,4461,464,43,9
425,745,54,8,9
426,1303,126,15,9
427,1321,144,11,9
428,117,18,2,9
429,281,32,0,9
430,796,73,11,9
431,997,106,12,9
432,5369,555,58,9
433,5127,522,38,9
434,859,80,6,9
435,513,59,8,9
436,188,22,1,9
437,1002,116,6,9
438,1585,133,20,9
439,1102,114,15,9
440,1638,166,11,9
441,4711,495,55,9
442,1484,146,9,9
443,1812,193,24,9
444,1166,121,21,9
445,1929,175,20,9
446,2444,265,23,9
447,1087,117,6,9
448,739,75,5,9
449,1197,121,11,9
450,578,71,6,9
451,72,10,1,9
452,4685,420,50,9
453,891,98,8,9
454,141,11,4,9
455,242,28,1,9
456,5774,583,71,9
457,1900,196,18,9
458,211,21,1,9
459,801,87,12,9
460,546,53,11,9
461,4169,418,31,9
462,1816,154,18,9
463,350,30,5,9
464,187,15,3,9
465,5383,543,66,9
466,669,62,6,9
467,121,9,1,9
468,1157,104,16,9
469,4163,413,43,9
470,569,70,9,9
471,1233,120,12,9
472,2374,245,31,9
473,1213,134,14,9
474,442,45,3,9
475,1695,178,10,9
476,960,113,9,9
477,215,30,2,9
478,600,54,4,9
479,5423,572,52,9
480,155,20,2,9
481,912,98,8,9
482,436,46,6,9
483,197,24,2,9
484,1921,181,13,9
485,519,55,7,9
486,522,46,2,9
487,880,84,12,9
488,617,50,5,9
489,37,3,0,9
490,4474,445,37,9
491,1209,130,9,9
492,5057,502,47,9
493,1076,85,8,9
494,916,96,8,9
495,5936,584,57,9
496,151,14,1,9
497,2421,239,21,9
498,398,35,8,9
499,1583,177,19,9
500,372,36,3,9
501,239,24,5,9
502,671,59,7,9
503,678,81,4,9
504,5041,494,53,9
505,5558,591,63,9
506,675,67,6,9
507,64,9,1,9
508,6259,566,68,9
509,1649,160,9,9
510,1170,124,20,9
511,745,87,11,9
512,432,44,5,9
513,1449,141,17,9
514,961,73,13,9
515,1993,181,17,9
516,1927,203,18,9
517,1244,109,12,9
518,338,32,4,9
519,5170,479,43,9
520,496,51,5,9
521,4962,472,49,9
522,725,59,6,9
523,767,60,12,9
524,660,60,8,9
525,1118,115,13,9
526,5290,571,47,9
527,85,11,2,9
528,1144,106,12,9
529,265,22,0,9
530,1044,82,7,9
531,1228,113,16,9
532,5399,497,58,9
533,875,74,6,9
534,675,74,9,9
535,2099,226,24,9
536,1274,131,12,9
537,5603,557,69,9
538,206,18,2,9
539,1055,123,9,9
540,2183,200,28,9
541,1098,108,13,9
542,574,56,7,9
543,1388,127,11,9
544,847,79,6,9
545,934,80,11,9
546,71,3,0,9
547,716,67,5,9
548,195,15,1,9
549,1531,135,17,9
550,1947,201,18,9
551,1924,194,20,9
552,1221,132,14,9
553,199,25,1,9
554,14,2,0,9
555,1582,148,24,9
556,1624,159,20,9
557,876,87,8,9
558,1084,106,12,9
559,713,78,7,9
560,5452,535,52,9
561,519,47,4,9
562,5121,509,58,9
563,856,84,8,9
564,722,75,3,9
565,943,108,10,9
566,163,14,1,9
567,565,48,7,9
568,717,84,6,9
569,622,75,4,9
570,675,63,10,9
571,986,93,4,9
572,866,86,14,9
573,3935,358,37,9
574,318,34,3,9
575,1822,179,18,9
576,548,70,8,9
577,110,16,2,9
578,122,21,1,9
579,1156,94,6,9
580,1561,138,17,9
581,4175,411,49,9
582,407,37,3,9
583,250,23,4,9
584,1286,125,14,9
585,688,66,9,9
586,448,40,3,9
587,671,64,7,9
588,2267,231,26,9
589,28,2,0,9
590,361,26,2,9
591,1681,166,14,9
592,170,18,1,9
593,79,8,1,9
594,1677,171,18,9
595,1530,148,20,9
596,282,30,3,9
597,933,92,11,9
598,205,25,5,9
599,1309,129,19,9
600,1023,128,9,9
601,1850,181,26,9
602,106,11,4,9
603,762,85,7,9
604,940,100,13,9
605,139,13,0,9
606,55,5,0,9
607,4861,522,53,9
608,741,84,7,9
609,5571,575,55,9
610,709,72,3,9
611,5576,605,57,9
612,127,15,2,9
613,1526,168,14,9
614,146,24,2,9
615,58,6,1,9
616,1058,118,11,9
617,629,57,5,9
618,11,0,0,9
619,5242,530,50,9
620,1344,149,18,9
621,552,63,4,9
622,661,65,7,9
623,162,21,1,9
624,425,38,1,9
625,713,75,3,9
626,5156,555,46,9
627,4597,506,47,9
628,46,4,0,9
629,886,86,4,9
630,1053,102,4,9
631,444,49,6,9
632,61,7,0,9
633,1409,149,19,9
634,652,72,5,9
635,195,18,1,9
636,567,47,4,9
637,825,89,5,9
638,127,16,1,9
639,923,96,10,9
640,1782,159,21,9
641,821,69,13,9
642,994,121,10,9
643,1136,119,10,9
644,145,11,2,9
645,152,19,1,9
646,5824,549,59,9
647,449,37,4,9
648,175,16,3,9
649,755,75,9,9
650,839,83,9,9
651,761,63,7,9
652,71,4,1,9
653,1011,98,13,9
654,678,68,9,9
655,2595,247,30,9
656,855,83,5,9
657,5205,555,66,9
658,2510,242,28,9
659,375,46,5,9
660,1199,128,12,9
661,555,49,4,9
662,594,72,3,9
663,938,89,8,9
664,229,18,2,9
665,1309,110,12,9
666,82,4,1,9
667,744,88,9,9
668,617,61,6,9
669,467,52,2,9
670,113,15,3,9
671,98,7,2,9
672,221,16,1,9
673,768,72,6,9
674,1143,132,12,9
675,224,21,3,9
676,252,21,2,9
677,5283,503,46,9
678,644,61,6,9
679,166,18,3,9
680,20,3,0,9
681,2472,255,25,9
682,4809,430,61,9
683,1909,165,19,9
684,2316,263,23,9
685,840,87,10,9
686,122,10,5,9
687,151,20,1,9
688,1234,120,10,9
689,2001,179,21,9
690,829,84,13,9
691,1229,114,13,9
692,2088,196,17,9
693,3305,336,26,9
694,203,20,0,9
695,243,22,5,9
696,238,11,4,9
697,621,64,3,9
698,5670,556,53,9
699,1542,160,12,9
700,252,24,5,9
701,5439,572,72,9
702,709,66,8,9
703,1708,156,19,9
704,197,22,4,9
705,1330,138,8,9
706,542,65,8,9
707,878,104,10,9
708,576,51,4,9
709,3761,361,41,9
710,996,112,9,9
711,995,105,9,9
712,913,95,8,9
713,147,12,2,9
714,5529,549,50,9
715,5663,591,60,9
716,1855,216,18,9
717,1204,109,15,9
718,1532,143,16,9
719,282,21,2,9
720,489,53,4,9
721,529,50,2,9
722,456,38,5,9
723,748,66,8,9
724,803,87,13,9
725,43,4,0,9
726,523,49,7,9
727,782,66,10,9
728,191,19,3,9
729,5232,537,51,9
730,220,28,2,9
731,5509,513,43,9
732,615,51,5,9
733,770,79,6,9
734,560,62,8,9
735,4567,470,42,9
736,5416,519,52,9
737,750,65,8,9
738,1036,98,12,9
739,318,37,6,9
740,4012,377,50,9
741,220,23,1,9
742,120,11,2,9
743,287,35,5,9
744,82,8,3,9
745,157,20,3,9
746,2067,217,22,9
747,647,61,6,9
748,735,78,9,9
749,680,66,8,9
750,983,95,10,9
